unit,tier,pair_id,source_peak_ch,dest_peak_ch,n_footprint_ch,local_density,n_residents,contam_pct,n_spikes
461,easy,-1,5,188,10,1744,14,5.2,268
440,easy,-1,23,223,10,1832,9,3.5,273
413,easy,-1,40,288,10,1883,21,0.0,274
390,noisy_channel,-1,57,337,10,26185,28,0.0,275
371,noisy_channel,-1,72,137,10,26112,22,4.0,268
328,noisy_channel,-1,92,310,10,21659,14,3.5,265
292,collision,-1,108,64,10,1910,23,0.0,253
270,collision,-1,126,28,10,2823,23,0.6,248
244,collision,-1,142,248,10,3601,21,4.7,261
205,pair,0,193,161,10,6406,14,1.6,265
186,pair,0,218,164,10,8488,11,2.6,261
163,pair,1,248,115,10,6941,25,0.9,267
134,pair,1,268,118,10,6058,25,0.0,271
