replicate,unit,tier,pair_id,source_peak_ch,dest_peak_ch,dest_ntrode,site_noise_uv,site_max_neighbor_uv,site_sum_neighbor_uv,site_density,n_footprint_ch,n_residents,contam_pct,n_spikes
3,345,easy,-1,87,26,1440,18.01,66.0,291.3,3589,10,24,0.0,287
3,395,easy,-1,54,272,1194,16.05,29.4,138.1,15280,10,24,0.7,289
3,364,easy,-1,79,296,1170,19.12,47.4,209.6,6552,10,21,0.0,297
3,285,hard,-1,113,71,1395,20.66,333.8,726.7,8331,10,29,2.7,295
3,297,hard,-1,105,139,1327,21.65,466.5,851.9,17098,10,23,0.0,293
3,278,hard,-1,116,335,1131,20.41,222.9,617.4,23582,10,27,0.0,295
3,319,collision,-1,99,166,1300,14.45,22.9,86.9,8062,10,8,5.1,287
3,331,collision,-1,94,315,1151,19.22,70.0,198.8,5250,10,17,8.9,291
3,307,collision,-1,100,352,1114,14.86,45.1,230.1,3885,10,17,4.8,276
3,412,pair,0,42,210,1256,16.8,31.7,132.5,5161,10,10,0.0,290
3,379,pair,0,65,213,1253,16.06,29.0,117.4,4394,10,11,0.0,293
3,402,pair,1,49,108,1358,17.8,48.2,357.5,7236,10,39,1.2,294
3,371,pair,1,72,111,1355,18.5,60.2,449.9,6124,10,35,4.0,292
