unit,n_spikes,peak_ch,amp_mean,amp_cv,bimod_score,r_amp_vs_logisi,burst_amp_drop,frac_isi_under_10ms
0,70602,380,16.066,0.1197,0.0,-0.1651,-0.0579,0.1115
1,67891,380,16.121,0.1145,0.0,-0.1683,-0.0583,0.1107
2,190850,376,17.176,0.2255,0.0,-0.2968,-0.1451,0.3645
3,184291,376,17.058,0.22,0.0,-0.2645,-0.1239,0.3502
4,62546,373,15.319,0.1008,0.0,-0.117,-0.0417,0.0727
5,64941,373,15.367,0.1021,0.0,-0.1239,-0.0449,0.0779
6,28428,369,15.529,0.11,0.0,-0.1613,-0.035,0.0637
7,14340,371,15.046,0.1154,0.0,-0.1735,-0.0968,0.038
8,24351,371,14.825,0.1252,0.0,-0.1675,-0.0507,0.1313
9,16297,368,14.348,0.1343,0.0,-0.1697,-0.0688,0.0929
10,222144,367,15.817,0.1172,0.0,0.0012,-0.0022,0.1934
11,31172,367,14.731,0.1055,0.0,-0.1316,-0.0217,0.0262
12,9765,367,16.008,0.1196,0.0498,-0.264,0.0414,0.0044
13,59626,365,14.845,0.1394,0.0,-0.1443,-0.0525,0.143
14,36394,363,14.702,0.1708,0.0,-0.2725,-0.1227,0.2292
15,18146,361,14.773,0.0878,0.0,-0.0282,0.0002,0.0224
16,2062,363,22.531,0.1298,0.0,0.0174,,0.0019
17,164412,363,14.652,0.093,0.0,-0.0963,-0.0244,0.0988
18,36304,361,15.225,0.0968,0.0039,-0.0644,-0.0069,0.0388
19,60377,362,15.751,0.1207,0.0,-0.1386,-0.0193,0.0996
20,32620,356,14.679,0.0968,0.0,-0.1119,-0.0491,0.032
21,36026,359,14.941,0.1083,0.0,-0.1232,-0.0383,0.0629
22,4099,359,14.939,0.1867,0.0,0.0098,-0.0209,0.0154
23,124842,359,14.537,0.1224,-0.0096,-0.0862,-0.0259,0.0757
24,3158,355,15.08,0.1408,0.0,0.0249,,0.001
25,31333,355,15.206,0.1229,0.0,-0.1768,-0.0685,0.0895
26,24867,355,15.486,0.1237,0.0,-0.1419,-0.0821,0.0589
27,87433,352,16.05,0.2298,0.0,-0.3493,-0.2127,0.2139
28,119310,352,15.974,0.2408,0.0,-0.3311,-0.1907,0.2529
29,65600,348,15.247,0.148,0.0,-0.2736,-0.1125,0.142
30,36918,350,14.895,0.0934,0.0,-0.088,-0.0299,0.0381
31,15970,351,16.48,0.1333,0.0219,-0.284,-0.0707,0.1013
32,52101,345,15.006,0.0895,0.0,-0.0301,-0.0065,0.0499
33,41550,347,15.11,0.1141,0.0,-0.1267,-0.0391,0.0894
34,68278,345,14.813,0.0958,0.0,-0.0454,-0.0062,0.0663
35,271531,345,16.63,0.1061,0.0,0.0258,0.0073,0.1805
36,7943,347,15.822,0.186,0.0,-0.2785,-0.2516,0.0421
37,20811,342,15.972,0.1343,0.0,-0.1309,-0.0521,0.0015
38,417223,341,14.653,0.0888,0.0,-0.0692,-0.0275,0.1437
39,33618,343,14.667,0.1022,0.0,-0.0562,-0.0278,0.0428
40,191832,340,15.219,0.0981,0.0,-0.0585,-0.018,0.1725
41,12569,343,14.483,0.0866,0.0129,-0.0218,-0.0161,0.0286
42,58561,340,14.062,0.1052,0.0,-0.0484,-0.0278,0.0415
43,95015,341,14.598,0.0923,0.0054,-0.0631,-0.0138,0.2086
44,8203,343,14.386,0.0867,0.0437,0.017,-0.0208,0.0085
45,38141,341,14.643,0.0953,0.0,-0.1119,-0.0389,0.0115
46,76898,340,14.203,0.0897,0.0,-0.0291,-0.0058,0.0843
47,58304,341,16.359,0.1229,0.0,-0.0665,-0.0077,0.1399
48,47437,343,15.155,0.1818,0.0,-0.1388,-0.0631,0.0576
49,59414,342,14.981,0.1349,0.0,0.1332,0.0321,0.097
50,160513,337,14.356,0.0851,0.0,-0.0886,-0.0225,0.1398
51,14738,338,14.648,0.1054,0.0024,-0.0099,0.0001,0.188
52,3447,339,15.36,0.1359,0.138,-0.3168,-0.154,0.0357
53,87188,337,14.607,0.1005,0.0,-0.0589,-0.0119,0.1398
54,110749,336,16.997,0.14,0.0,-0.0241,-0.0054,0.1459
55,54955,334,15.654,0.0936,0.0,0.0252,0.0088,0.245
56,378343,335,17.167,0.1048,-0.0039,0.2247,0.0563,0.2438
57,30591,335,13.969,0.1077,-0.0078,-0.0931,-0.0159,0.0727
58,43732,333,15.193,0.1075,0.0,-0.1072,-0.0192,0.1037
59,2715,332,15.774,0.1335,0.0,-0.0125,,0.007
60,86971,329,14.073,0.0914,0.0,-0.0705,-0.013,0.0801
61,279372,331,16.741,0.1643,0.0,-0.0464,-0.0398,0.2454
62,16433,328,14.334,0.0889,0.0,-0.128,-0.0283,0.1231
63,64562,328,16.122,0.1442,0.0,-0.2528,-0.0796,0.1472
64,169869,325,15.049,0.0825,0.0,-0.0125,-0.0027,0.114
65,40095,324,15.497,0.1342,0.0,-0.2686,-0.1181,0.1081
66,159034,321,16.376,0.1241,0.0,-0.2026,-0.0821,0.166
67,36669,320,15.09,0.108,0.0047,-0.143,-0.0421,0.3203
68,13813,320,14.839,0.0964,0.0,-0.0928,-0.025,0.1183
69,219139,323,15.397,0.0931,0.0,-0.0516,-0.0138,0.2405
70,37430,320,15.286,0.1279,0.0,-0.1413,-0.0499,0.3426
71,32676,321,15.507,0.1014,0.0,-0.0873,-0.0164,0.0342
72,34111,319,15.477,0.1214,0.0,-0.2249,-0.1288,0.0644
73,43944,316,14.992,0.0864,0.0,-0.1104,-0.0281,0.2105
74,44997,316,15.021,0.0855,0.0,-0.1059,-0.0262,0.215
75,62584,319,14.925,0.1036,0.0,-0.134,-0.0622,0.0636
76,74409,312,15.566,0.0978,0.0,-0.1721,-0.0487,0.317
77,68198,312,15.514,0.0975,0.0,-0.1735,-0.0478,0.3189
78,100361,308,15.624,0.0956,0.0,-0.1498,-0.0402,0.2084
79,145764,308,15.683,0.0959,0.0,-0.1309,-0.0364,0.3011
80,41201,310,15.112,0.1134,0.0,-0.2111,-0.0884,0.0766
81,179088,311,16.358,0.1238,0.0,-0.0146,-0.0083,0.1505
82,31793,307,15.302,0.0929,0.0713,-0.1138,-0.0249,0.0425
83,104403,306,16.748,0.1079,0.0,-0.1184,-0.0343,0.1295
84,47835,305,15.933,0.0934,0.0,-0.0485,-0.0094,0.0469
85,11822,305,17.809,0.0936,0.0235,-0.0512,-0.0057,0.0725
86,106900,304,15.422,0.0895,0.0,-0.0945,-0.0271,0.3117
87,158737,301,16.258,0.1163,0.0,-0.1023,-0.033,0.1448
88,48341,300,15.194,0.0894,0.0,-0.0938,-0.0259,0.2036
89,40020,300,15.152,0.0873,0.0184,-0.1044,-0.0255,0.1835
90,338633,303,18.048,0.0899,0.0,-0.0181,-0.0024,0.2048
92,26411,299,15.488,0.1095,0.0,-0.2122,-0.088,0.066
94,40351,301,15.907,0.0938,0.0,-0.1214,-0.0273,0.0813
95,30706,299,15.354,0.1009,0.0,-0.0669,-0.0106,0.0387
96,59097,296,15.096,0.0915,0.0,-0.0533,-0.0112,0.2219
97,54350,296,15.051,0.0903,0.0,-0.0616,-0.0144,0.213
98,98761,292,15.75,0.1037,0.0,-0.1934,-0.0684,0.4163
99,8657,295,15.444,0.0841,0.0915,-0.0071,-0.0086,0.0572
100,39411,295,15.597,0.1129,0.0,-0.1164,-0.0498,0.0589
101,90605,292,15.707,0.1036,0.0,-0.1954,-0.0703,0.3908
102,21499,293,15.177,0.0813,0.0176,-0.0405,-0.0083,0.0729
103,185191,295,16.113,0.1034,0.0,-0.069,-0.0211,0.1371
104,38471,290,15.533,0.1316,0.0,-0.2702,-0.1044,0.131
105,18325,288,15.987,0.1386,0.0,-0.3263,-0.0976,0.0159
106,19596,291,15.124,0.0861,0.0178,-0.0782,-0.0139,0.0256
107,39720,291,15.292,0.1033,0.0,-0.1104,-0.0177,0.0599
108,35815,290,15.521,0.1277,0.0,-0.2514,-0.0964,0.1216
109,20591,284,15.037,0.0941,0.0372,-0.1601,-0.0358,0.2005
110,56256,287,15.534,0.1067,0.0,-0.0855,-0.0155,0.0873
111,18264,284,15.027,0.0926,0.0,-0.2145,-0.0477,0.0962
112,19351,282,15.074,0.094,0.0,-0.2565,-0.0628,0.1906
113,62880,280,15.207,0.1008,0.0014,-0.169,-0.0461,0.2357
114,61948,279,16.373,0.1076,0.0,-0.0685,-0.0018,0.0297
115,19450,281,15.08,0.085,0.0658,-0.0455,-0.003,0.0222
116,15833,281,15.91,0.103,0.0,-0.0309,0.0042,0.0069
117,36682,280,15.354,0.1127,0.0,-0.1521,-0.045,0.0998
118,68802,277,16.936,0.1228,0.0,-0.166,-0.0501,0.1508
119,43639,274,15.359,0.119,0.0,-0.1204,-0.0566,0.056
120,57097,279,16.283,0.1122,0.0,-0.1841,-0.0536,0.1893
121,240638,277,16.48,0.1071,0.0,-0.0697,-0.0239,0.2031
122,51781,278,15.449,0.1091,0.0,-0.1873,-0.0597,0.3338
123,79721,278,15.498,0.1348,0.0,-0.1968,-0.066,0.3885
124,32503,272,19.982,0.1287,-0.0024,-0.0758,-0.0199,0.0726
125,11955,272,16.877,0.1424,0.0,-0.2569,-0.0892,0.1149
126,76691,275,19.956,0.2331,0.0337,0.0089,0.0869,0.0094
127,37790,272,26.029,0.2337,0.767,-0.0317,-0.0123,0.0948
128,85139,274,16.256,0.1885,0.0,-0.2981,-0.1279,0.2638
129,67461,273,16.445,0.1386,0.0,-0.1233,-0.0411,0.0884
130,36782,268,15.437,0.1162,0.0,-0.192,-0.0549,0.1132
131,360492,271,16.718,0.127,0.0,-0.0736,-0.0393,0.2841
132,64390,268,15.514,0.114,0.0,-0.185,-0.0539,0.2791
133,20100,268,16.394,0.1308,0.0321,-0.0273,0.0158,0.051
134,24086,268,25.414,0.1135,0.0,-0.0265,-0.0074,0.0645
135,97004,269,15.512,0.1065,0.0,-0.047,-0.0141,0.1195
136,28129,267,14.922,0.0931,0.0,-0.0499,-0.0266,0.0359
137,40001,264,14.921,0.0886,0.0,-0.1204,-0.0301,0.2129
138,41255,264,14.966,0.0959,0.0037,-0.0517,-0.0185,0.2166
139,101217,265,17.938,0.17,0.0,0.0071,0.0259,0.1221
140,11701,261,14.747,0.0873,0.069,-0.0233,-0.0174,0.0178
141,16946,260,15.039,0.0871,0.0,-0.0314,-0.0066,0.1848
142,15709,260,15.061,0.0846,0.0907,-0.0013,0.0003,0.175
143,15645,261,14.727,0.0831,0.0568,-0.0381,-0.0147,0.0193
144,18247,260,15.09,0.0898,0.0051,-0.1174,-0.0036,0.0085
145,24302,263,21.403,0.1007,0.0,0.1018,0.0573,0.1081
146,490,262,25.012,0.0863,0.2636,-0.1192,,0.0123
147,1651,260,26.517,0.1296,0.2638,-0.1194,0.0084,0.1048
148,95891,261,15.719,0.1332,0.0,-0.1411,-0.0492,0.138
149,106391,257,15.311,0.1111,0.0,-0.077,-0.0295,0.0663
150,16957,256,14.863,0.0863,0.0594,-0.0545,-0.0123,0.1998
151,38518,256,24.132,0.1058,-0.006,0.0465,0.0307,0.135
152,6940,257,14.511,0.0854,0.0159,-0.0454,-0.02,0.0114
153,2325,257,17.217,0.1382,0.1317,-0.3188,,0.0022
154,23908,256,14.768,0.0866,0.0,-0.1314,-0.0172,0.0193
155,82471,257,14.874,0.0893,0.0,0.0059,0.0012,0.0184
156,17821,256,14.856,0.0867,0.0,-0.0495,-0.0123,0.2138
157,35817,252,17.294,0.1351,0.0268,-0.0336,-0.0059,0.0371
158,3669,254,23.422,0.0813,0.0929,-0.0629,0.0101,0.0245
159,15857,252,15.068,0.1565,0.0,-0.389,-0.2021,0.1153
160,7451,253,15.161,0.1077,0.0142,-0.1731,-0.0451,0.0235
161,27658,254,14.454,0.0796,0.0124,-0.0107,-0.0041,0.0379
162,61014,255,15.932,0.1395,0.0,-0.1282,-0.0321,0.1187
163,76178,248,14.645,0.0841,0.0,-0.0576,-0.0151,0.1205
164,56690,250,22.867,0.1713,0.0,-0.0328,0.0267,0.0008
165,61549,250,15.572,0.095,0.0,-0.0415,-0.013,0.0635
166,17384,248,14.719,0.1097,0.0,-0.1675,-0.1004,0.0315
167,2263,250,42.185,0.0689,0.0446,0.1801,,0.004
168,4210,250,52.086,0.0869,0.0,0.0089,,0.004
169,74955,248,15.386,0.1058,0.0,-0.1317,-0.0313,0.0946
170,107869,251,15.63,0.1202,0.0,-0.1336,-0.042,0.2125
171,13955,245,15.411,0.1497,0.0,-0.2227,-0.1417,0.0274
172,64130,247,15.792,0.1176,0.0,-0.0398,-0.0152,0.0751
173,59742,241,15.369,0.1109,0.0,-0.1616,-0.0642,0.0729
174,53179,241,15.27,0.1136,0.0,-0.1856,-0.0781,0.0743
175,103586,237,15.78,0.1509,0.0,-0.2575,-0.1051,0.1847
176,87405,237,15.798,0.1673,0.0,-0.2729,-0.1317,0.1707
177,75461,233,15.491,0.1061,0.0,-0.1584,-0.0509,0.0981
178,61079,233,15.496,0.1002,0.0,-0.1484,-0.0394,0.0924
179,43913,230,15.426,0.1053,0.0,-0.1613,-0.0545,0.0687
180,57697,229,15.447,0.1056,0.0,-0.1339,-0.0382,0.0652
181,38585,225,15.332,0.1546,0.0,-0.2915,-0.2259,0.0554
182,35526,225,15.67,0.2232,0.0,-0.4465,-0.4265,0.09
183,37762,221,15.147,0.0995,0.0,-0.0376,-0.0168,0.0333
184,12472,221,15.425,0.1528,0.0,-0.3092,-0.2373,0.0302
185,42189,216,15.072,0.088,0.0,-0.0533,-0.013,0.0388
186,30079,218,17.673,0.1493,0.0,-0.1752,-0.0435,0.0601
187,35116,216,15.385,0.0997,0.0,-0.0304,-0.0066,0.0298
188,127565,213,16.225,0.1723,0.0,-0.2889,-0.1212,0.2521
189,117855,212,16.161,0.1764,0.0,-0.2762,-0.1203,0.2363
190,33448,210,15.317,0.0917,0.0159,-0.0613,-0.0167,0.0324
191,73395,209,15.768,0.0966,0.0,-0.0452,-0.0109,0.067
192,56799,206,15.7,0.1216,0.0,-0.1918,-0.106,0.0684
193,25697,205,16.386,0.2345,0.0,-0.491,-0.3787,0.1546
194,122629,203,16.374,0.1009,0.0,-0.0649,-0.0407,0.2063
195,79585,203,15.689,0.086,0.0,-0.0551,-0.0231,0.1501
196,39675,203,16.294,0.1066,0.0,-0.0235,0.0006,0.1132
197,24080,200,15.456,0.1398,0.0,-0.1883,-0.1684,0.0279
198,25231,200,15.499,0.1512,0.0,-0.2157,-0.1795,0.0323
199,29639,198,15.409,0.1392,0.0,-0.2322,-0.1687,0.0705
200,23218,197,15.401,0.1423,0.0,-0.2178,-0.1639,0.0538
201,1664,197,17.934,0.1093,0.2452,-0.1979,-0.0251,0.0445
202,35890,196,14.755,0.09,0.0133,0.0085,-0.0025,0.086
203,35319,196,14.757,0.0971,0.0,0.0234,-0.0023,0.0881
204,39938,197,15.069,0.113,0.0,-0.0592,-0.0196,0.2204
205,10323,193,14.737,0.0773,0.0378,-0.0778,-0.011,0.0299
206,25937,195,14.919,0.124,0.0,-0.093,-0.0195,0.0415
207,36718,195,14.853,0.1001,0.0,-0.0891,-0.0244,0.0551
208,26261,191,14.798,0.104,0.0,-0.139,-0.0605,0.0374
209,11706,189,14.504,0.0994,0.0,-0.0869,-0.0592,0.0134
210,45833,191,15.007,0.0916,0.0019,-0.0488,-0.0075,0.0404
211,46171,187,14.849,0.0931,0.0054,-0.0386,-0.0063,0.0397
212,16165,187,14.558,0.1055,0.001,-0.0574,-0.0392,0.0174
213,22862,184,14.905,0.0892,0.0235,-0.1053,-0.024,0.0795
214,23998,184,14.918,0.0893,0.0151,-0.0692,-0.0176,0.0796
215,17006,183,14.811,0.0846,0.0093,-0.0376,-0.0224,0.016
216,113158,180,18.409,0.159,0.0396,0.0374,0.0248,0.102
217,35078,177,15.614,0.114,0.0,-0.0677,-0.0166,0.0377
218,41506,176,15.338,0.1145,0.0,-0.2073,-0.1002,0.056
219,50608,175,15.698,0.0848,0.0,-0.0253,-0.0048,0.0879
220,59191,175,16.571,0.1108,0.0,-0.1239,-0.0358,0.0902
221,46582,175,16.561,0.1458,0.0,-0.1658,-0.0618,0.0794
222,74787,172,16.404,0.1853,0.0,-0.3593,-0.1711,0.2146
223,138327,168,15.744,0.0871,0.0,-0.0127,-0.0028,0.0999
224,81546,168,16.096,0.1183,0.0,-0.1564,-0.0499,0.151
225,96845,169,16.186,0.1362,0.0,-0.2017,-0.0729,0.1841
226,125721,165,16.65,0.1407,0.0,-0.2197,-0.0747,0.2703
227,671,165,47.758,0.27,0.4652,-0.2165,-0.1096,0.2761
228,123114,165,16.917,0.2082,0.0,-0.2599,-0.1312,0.2632
229,123564,161,16.676,0.1631,0.0,-0.2138,-0.0826,0.2686
230,123590,161,16.764,0.1775,0.0,-0.2495,-0.1057,0.2649
231,58629,157,15.683,0.1305,0.0,-0.2177,-0.1098,0.0858
232,57736,157,15.719,0.1302,0.0,-0.2239,-0.1034,0.0851
233,12019,153,15.272,0.093,0.0438,-0.0857,-0.0082,0.0114
234,30312,155,15.478,0.0888,0.0185,-0.0173,-0.0007,0.0205
235,37039,154,15.277,0.0974,0.0,-0.0357,-0.0113,0.0303
236,5642,153,20.582,0.0904,0.08,0.1026,,0.0018
237,96608,151,15.153,0.0892,0.0,-0.0734,-0.0167,0.1051
238,28536,148,14.926,0.0904,0.0,-0.0377,-0.0059,0.0237
239,85777,146,15.524,0.0935,0.0,-0.1062,-0.0263,0.0658
240,18031,147,15.064,0.0859,0.0,-0.037,0.0028,0.0585
241,187998,147,14.799,0.0945,0.0,-0.0856,-0.0206,0.0623
242,306,142,21.867,0.0945,0.4142,-0.303,,0.0033
243,74417,141,16.29,0.1116,0.0,-0.0372,-0.0033,0.2662
244,400164,142,16.644,0.114,0.0,0.0519,0.0117,0.2821
245,15338,143,14.706,0.0848,0.0089,0.0178,-0.0036,0.0242
246,114577,142,15.312,0.0996,0.0,-0.0117,-0.003,0.0778
247,47277,140,16.351,0.1233,0.0,-0.083,-0.0402,0.0492
248,207040,143,15.285,0.1133,0.0,-0.0864,-0.0321,0.1683
249,13056,142,14.575,0.0851,0.0,0.0238,0.0169,0.0131
250,225207,137,16.699,0.1395,0.0,-0.0968,-0.0479,0.1602
251,224834,139,20.84,0.307,0.0,-0.0882,-0.1212,0.1741
252,240135,138,15.557,0.0983,0.0,-0.0519,-0.0168,0.1639
253,55550,135,16.218,0.1282,0.0,-0.157,-0.0439,0.0655
254,58766,134,16.197,0.1146,0.0,-0.0683,0.0022,0.0279
255,21607,132,15.331,0.0964,0.0,-0.0287,-0.0211,0.0133
256,179813,135,15.419,0.0996,0.0,-0.0879,-0.0273,0.1402
257,15133,132,14.956,0.0898,0.0506,-0.0179,-0.0157,0.0085
258,29430,134,15.618,0.0928,0.0,-0.053,-0.0101,0.0352
259,32705,132,15.766,0.1042,0.0,-0.1064,-0.0153,0.0279
260,71088,135,15.595,0.1049,0.0,-0.0699,-0.0142,0.1036
261,164673,133,15.801,0.0948,0.0,-0.0461,-0.0126,0.1103
264,311,129,18.859,0.0746,0.422,-0.1822,,0.0
265,300892,131,15.73,0.1068,0.0,-0.0488,-0.0253,0.2261
266,36487,128,16.755,0.1488,0.0,-0.1342,-0.0371,0.0987
267,17054,125,14.724,0.0905,0.0,-0.1035,-0.0313,0.0294
268,15194,124,15.02,0.0987,0.0,-0.1054,-0.0323,0.0256
269,76293,125,15.364,0.1097,0.0,-0.1342,-0.0395,0.0837
270,61867,126,39.647,0.1666,0.0087,-0.0134,0.0199,0.0107
271,14567,120,28.606,0.0994,0.0591,0.1808,0.0782,0.1472
272,802,121,32.909,0.0846,0.1213,-0.0383,0.0416,0.0362
273,24030,122,15.145,0.1013,0.0,-0.18,-0.0341,0.0496
274,49944,120,15.471,0.1129,0.0,-0.149,-0.0414,0.074
275,40003,118,15.163,0.106,0.0,-0.1183,-0.0288,0.0517
276,6177,119,27.516,0.0857,0.0,0.1108,0.0736,0.0667
277,95363,116,16.008,0.0944,0.0,-0.011,0.003,0.0233
278,3595,116,25.806,0.0926,0.1121,0.2967,0.0858,0.0676
279,14471,117,16.586,0.1014,0.0647,-0.0853,0.0171,0.0364
280,1420,116,14.702,0.0884,0.1581,-0.1434,,0.0049
281,11664,114,14.858,0.0857,0.0,-0.1001,-0.023,0.0211
282,731,118,28.056,0.1123,0.395,0.1507,0.0698,0.063
283,52600,112,15.489,0.0864,0.0,-0.0492,-0.0036,0.0923
284,1739,114,32.759,0.0721,0.1808,0.1273,0.0699,0.0501
285,143082,113,15.844,0.0885,0.0,0.0018,0.0005,0.1527
286,27493,115,17.774,0.1628,0.2107,-0.2884,-0.0692,0.1268
287,56611,112,16.265,0.1714,0.0,-0.2229,-0.111,0.0846
288,36529,109,15.418,0.1158,0.0,-0.1041,-0.0348,0.0356
289,69160,110,15.493,0.0876,0.0,-0.0672,-0.0142,0.2946
290,15439,111,15.033,0.0961,0.0353,-0.1152,-0.0437,0.0174
291,6851,111,24.535,0.1531,0.0,0.0055,0.0308,0.0882
292,3799,108,26.627,0.0835,0.1459,0.1535,0.0603,0.0608
293,16945,111,15.376,0.0896,0.0117,-0.0237,-0.006,0.0159
294,3876,108,15.655,0.1104,0.0,-0.2353,-0.0592,0.0114
296,453,104,31.683,0.0669,0.268,-0.0145,,0.0022
297,2385,105,31.475,0.1539,0.2674,0.3592,0.0812,0.0415
298,5580,106,27.637,0.0899,-0.0192,0.1473,0.0612,0.212
299,17578,106,15.268,0.1044,0.0,-0.0964,-0.0327,0.0193
300,56957,106,15.543,0.0871,0.0025,-0.042,-0.0071,0.0296
302,9043,104,19.911,0.0914,0.094,0.0457,0.0338,0.026
303,14998,104,20.879,0.096,0.0419,0.1785,0.0616,0.0982
304,108292,107,14.678,0.1061,0.0012,-0.1158,-0.0301,0.1549
305,34308,104,15.113,0.0966,0.0,-0.0984,-0.0235,0.0496
306,6199,103,15.733,0.1224,0.0083,-0.0616,-0.0273,0.0079
307,11569,100,19.803,0.0956,0.0874,0.0775,0.0459,0.0675
310,73145,101,14.809,0.0799,0.0,-0.0043,0.0003,0.0885
311,14903,103,14.973,0.0854,0.0643,-0.0328,-0.0107,0.0147
312,20016,100,16.136,0.1087,0.0,-0.0722,-0.0127,0.0965
313,22580,102,14.888,0.0876,0.0,-0.0252,-0.0112,0.0162
314,61867,103,17.557,0.1169,0.0106,0.0556,0.0491,0.0172
315,18328,103,14.968,0.0942,0.0,-0.0215,-0.0054,0.0105
316,1046,103,23.649,0.088,0.0585,-0.0598,0.0154,0.0708
317,22007,102,15.201,0.0979,0.0468,-0.0108,-0.0041,0.0186
318,600289,101,17.812,0.1258,0.0,0.2692,0.0699,0.4026
319,76569,99,16.102,0.0969,0.0,-0.0491,-0.0092,0.0785
321,113509,96,16.059,0.0968,0.0,-0.0542,-0.0081,0.0471
322,329,98,25.406,0.2653,1.0,0.0212,,0.0
323,8654,96,15.502,0.12,0.0,-0.1257,-0.0192,0.0211
324,141897,97,15.556,0.093,0.0,-0.0333,-0.0079,0.1099
325,30391,97,15.837,0.0982,0.0,-0.0953,-0.0236,0.0417
326,97060,99,15.24,0.0968,0.0,0.0013,0.0011,0.1059
328,62481,92,16.915,0.1043,0.0259,0.0405,0.026,0.1442
330,94484,93,15.781,0.1045,0.0,-0.1062,-0.0321,0.0817
331,144473,94,15.993,0.0987,0.0,-0.054,-0.0147,0.1265
332,371,93,17.674,0.091,0.3702,0.072,,0.0162
335,433,90,34.788,0.07,0.5993,-0.144,,0.0023
336,185366,91,15.391,0.0906,0.0,-0.0712,-0.0188,0.1915
339,242985,88,15.698,0.1343,0.0,-0.1322,-0.0549,0.1707
340,18686,85,15.021,0.0946,0.0251,-0.1574,-0.0525,0.0395
343,81563,86,16.303,0.1081,0.0156,0.0216,0.0475,0.0034
345,4197,87,25.811,0.0894,-0.0097,-0.0188,0.0193,0.026
347,64155,85,16.747,0.2003,0.0,-0.25,-0.1273,0.1517
348,17918,81,14.771,0.0939,0.0,-0.117,-0.0259,0.0332
352,352,81,31.652,0.0786,0.6302,-0.1203,,0.0342
354,488,80,30.433,0.1053,0.291,0.1848,0.0713,0.0698
355,3170,80,15.622,0.1263,0.0,-0.1894,-0.0774,0.0129
356,52081,83,16.106,0.157,0.0,-0.2182,-0.0842,0.1079
357,10250,77,14.649,0.095,0.0068,-0.1938,-0.0635,0.0352
358,7929,76,29.352,0.1903,0.0,-0.0243,0.028,0.0671
359,884,78,40.279,0.0687,0.1881,0.2242,0.082,0.0487
360,2706,79,29.707,0.0913,0.0916,0.1829,0.1015,0.0721
361,3735,79,26.852,0.1004,0.1889,0.3234,0.0897,0.1749
362,7214,76,15.077,0.1065,0.0455,-0.1066,-0.0363,0.0184
363,25695,79,15.147,0.1094,0.0,-0.227,-0.0672,0.0518
364,13110,79,39.522,0.0742,0.0249,0.1556,0.0764,0.1139
365,7919,76,34.169,0.0843,-0.0045,0.2444,0.0823,0.1181
366,40348,76,15.56,0.139,0.0,-0.1808,-0.0635,0.0741
367,7207,75,25.045,0.0921,0.0565,0.1528,0.0683,0.1234
368,19651,77,30.76,0.0895,0.0482,0.184,0.0757,0.158
369,33154,75,16.708,0.1517,0.0,-0.2061,-0.0469,0.0962
370,4362,72,14.554,0.092,0.1063,-0.1014,-0.0334,0.0135
371,269242,72,16.385,0.0918,0.0,0.0182,0.0057,0.0786
372,19105,72,16.645,0.2245,0.0,-0.2368,-0.1161,0.0779
373,113718,73,26.355,0.1722,0.0,-0.0232,0.1503,0.0004
374,97088,71,15.358,0.0967,0.0,0.0482,0.0064,0.026
375,6254,68,15.281,0.1492,0.0189,-0.2576,-0.113,0.023
376,46547,71,15.922,0.1169,0.0028,-0.231,-0.0488,0.0021
377,5967,66,16.77,0.1356,0.1377,-0.065,-0.0307,0.0137
378,6169,69,14.217,0.0857,0.022,-0.111,-0.0412,0.0143
379,760,65,36.626,0.072,0.212,-0.3306,,0.0066
380,9732,66,14.483,0.0984,0.0,-0.0708,-0.047,0.0124
382,25458,64,14.721,0.1021,0.0,-0.1603,-0.0517,0.0404
384,12071,65,14.502,0.098,0.002,-0.2806,-0.1085,0.0517
385,36737,61,14.794,0.102,0.0,-0.1661,-0.0544,0.0618
387,585,64,19.011,0.0869,0.4633,0.0612,,0.0223
388,13475,61,14.454,0.0823,0.0,-0.1056,-0.0276,0.024
389,10457,59,25.418,0.0877,0.0605,0.1179,0.0464,0.1376
390,9309,57,31.087,0.0847,0.1101,0.1933,0.0818,0.0888
391,11824,57,15.28,0.1042,0.0,-0.1042,-0.021,0.0445
392,9671,57,14.385,0.0826,0.0,-0.1348,-0.0289,0.0242
393,78149,59,15.878,0.112,0.0,-0.034,0.0081,0.0769
394,7665,53,14.469,0.1004,0.0,-0.2291,-0.0851,0.038
395,31659,54,24.35,0.0944,-0.0018,0.307,0.1407,0.032
396,6939,54,15.073,0.0997,0.0,-0.0885,-0.0114,0.0264
397,73417,55,15.519,0.1144,0.0,0.0677,0.0295,0.1015
398,10001,50,14.554,0.1135,0.0,-0.2071,-0.0765,0.05
399,773,49,24.776,0.0943,0.1395,0.1104,0.067,0.0583
400,545,49,32.731,0.0895,0.3382,0.2615,0.07,0.0864
401,760,50,32.94,0.0886,0.2896,0.2624,0.0751,0.1555
402,7271,49,34.382,0.0954,-0.0158,0.3361,0.119,0.1239
403,27918,50,23.215,0.0937,-0.0047,0.2003,0.0987,0.0227
404,41915,50,14.664,0.1089,0.0,-0.2297,-0.0735,0.0802
405,11222,45,14.651,0.0916,0.0,-0.1407,-0.0333,0.034
406,19064,45,14.642,0.0862,0.0,-0.0665,-0.023,0.0068
407,4184,47,14.451,0.0848,0.0512,-0.177,-0.0219,0.0201
408,14642,44,29.295,0.1009,-0.0062,0.2876,0.1165,0.1268
409,38995,47,20.413,0.097,0.0004,0.1659,0.0615,0.1278
410,79148,45,15.194,0.0957,0.0,-0.0757,-0.0179,0.1326
411,208782,41,15.379,0.091,0.0,-0.0302,-0.0078,0.1664
412,4870,42,31.945,0.0822,0.0,0.2137,0.0924,0.0764
413,975,40,30.828,0.0852,0.0679,0.0618,0.0446,0.1088
414,79313,42,14.671,0.0907,0.0,-0.0523,-0.0148,0.0519
415,3009,40,23.832,0.0945,0.0126,0.0666,0.0345,0.0685
416,8163,40,34.571,0.0893,-0.0036,0.1801,0.0722,0.1873
417,78887,40,15.983,0.1659,0.0,-0.2482,-0.114,0.1534
418,4015,36,30.709,0.1032,0.0,0.2036,0.0879,0.1948
419,21351,38,14.838,0.109,0.0,-0.2556,-0.0951,0.0768
420,28491,36,14.788,0.0936,0.0,-0.0733,-0.0297,0.018
421,63474,36,15.56,0.1349,0.0,-0.2531,-0.0924,0.098
422,18124,32,15.884,0.1335,0.008,-0.2865,-0.0733,0.076
423,14989,31,14.745,0.0833,0.0,-0.0894,-0.0324,0.0179
424,4953,34,41.161,0.0645,-0.0174,0.1515,,0.0024
425,61108,35,15.859,0.1253,0.0,-0.1224,-0.0329,0.0779
426,5537,27,14.936,0.0959,0.0188,-0.2128,-0.0554,0.0175
427,5611,30,15.214,0.1133,0.0319,-0.2309,-0.0989,0.0198
428,12931,30,30.622,0.0785,0.0439,0.3385,0.1107,0.0458
429,48654,31,14.802,0.0803,0.0208,-0.0125,-0.0068,0.0359
430,21596,29,15.341,0.0849,0.0371,-0.0684,0.0002,0.01
431,3688,29,21.216,0.0995,0.091,0.2046,0.0688,0.166
432,116257,24,15.845,0.0935,0.0,-0.0143,-0.0018,0.0532
434,18709,25,14.767,0.1164,0.0,-0.2207,-0.111,0.0428
436,10851,27,14.726,0.0927,0.0,-0.1954,-0.1013,0.0243
437,2465,24,47.993,0.096,0.2251,0.1567,0.069,0.1769
438,4101,23,14.916,0.0899,0.1125,-0.0971,-0.0734,0.0068
439,12877,19,40.447,0.0715,0.0997,0.3171,0.0935,0.0465
440,4784,23,23.927,0.0982,0.0192,-0.0912,0.0,0.129
441,10557,23,14.965,0.1003,0.0,-0.1387,-0.0676,0.0228
442,3436,21,14.873,0.0892,0.0575,0.0084,,0.0038
443,7626,21,14.752,0.0895,0.0,-0.1228,-0.0637,0.0146
444,66655,17,15.534,0.0914,0.0,0.0351,0.009,0.0468
445,834,19,22.601,0.1066,0.2342,0.1312,0.0557,0.0684
446,1541,16,21.247,0.09,0.2315,0.131,0.0437,0.1305
447,2527,16,14.826,0.1072,0.0666,-0.3549,-0.1468,0.0269
448,4246,19,14.581,0.0867,0.1047,0.009,0.0081,0.0066
449,3236,19,15.204,0.1033,0.0257,-0.2087,-0.0707,0.0192
450,18697,18,15.048,0.0875,0.0,-0.1256,-0.0311,0.0293
452,1209,13,28.898,0.0705,0.3696,-0.0154,0.0294,0.024
453,514,15,28.737,0.0783,0.2604,0.1591,,0.0331
454,15750,13,14.924,0.1205,0.0,-0.3639,-0.1496,0.1036
455,52482,13,14.968,0.1146,0.0,-0.1715,-0.0683,0.0851
456,21134,9,14.939,0.0907,0.0,-0.0949,-0.0234,0.0165
457,74189,11,14.981,0.0897,0.0,-0.0294,-0.0113,0.0374
458,2769,6,28.827,0.097,0.1357,0.1644,0.0723,0.1593
459,108889,7,15.171,0.1018,0.0,-0.0323,-0.008,0.0852
460,1236,6,27.799,0.1243,0.1408,0.5504,0.1933,0.0227
461,206032,5,15.238,0.0982,0.0,-0.0366,-0.0111,0.1901
462,154929,5,15.315,0.1001,0.0,-0.0111,-0.0045,0.0837
463,13769,5,15.244,0.0857,0.0258,-0.0157,0.0043,0.0131
464,10800,8,15.578,0.1188,0.005,-0.2835,-0.0993,0.0455
465,508360,7,17.557,0.1272,-0.0031,0.1244,0.034,0.314
466,235551,3,15.649,0.1146,0.0,-0.1253,-0.0446,0.2444
467,233382,1,15.145,0.1007,0.0,-0.0121,-0.0016,0.1716
468,25036,1,15.012,0.094,0.0,0.0175,0.0011,0.0386
469,204942,0,15.012,0.0976,0.0,0.0036,0.0011,0.1916
470,92277,1,15.197,0.0976,0.0,-0.0441,-0.0098,0.0582
471,46126,3,15.293,0.0948,0.0,0.0135,0.0019,0.0563
