unit,tier,variant,n_missed,pool,captured,capture_frac,purity
331,hard,A_single_unwhitened,216,457,16,0.07407407407407407,0.0350109409190372
331,hard,B_single_whitened_shipped_noise,216,124,17,0.0787037037037037,0.13709677419354838
331,hard,C_single_whitened_repr_noise,216,124,17,0.0787037037037037,0.13709677419354838
331,hard,D_multichannel_unwhitened,216,800,5,0.023148148148148147,0.00625
331,hard,E_multichannel_whitened,216,800,17,0.0787037037037037,0.02125
364,hard,A_single_unwhitened,2,800,1,0.5,0.00125
364,hard,B_single_whitened_shipped_noise,2,800,1,0.5,0.00125
364,hard,C_single_whitened_repr_noise,2,800,1,0.5,0.00125
364,hard,D_multichannel_unwhitened,2,800,1,0.5,0.00125
364,hard,E_multichannel_whitened,2,800,1,0.5,0.00125
371,hard,A_single_unwhitened,153,800,72,0.47058823529411764,0.09
371,hard,B_single_whitened_shipped_noise,153,800,56,0.3660130718954248,0.07
371,hard,C_single_whitened_repr_noise,153,800,56,0.3660130718954248,0.07
371,hard,D_multichannel_unwhitened,153,800,12,0.0784313725490196,0.015
371,hard,E_multichannel_whitened,153,800,4,0.026143790849673203,0.005
379,collision,A_single_unwhitened,9,800,3,0.3333333333333333,0.00375
379,collision,B_single_whitened_shipped_noise,9,800,3,0.3333333333333333,0.00375
379,collision,C_single_whitened_repr_noise,9,800,3,0.3333333333333333,0.00375
379,collision,D_multichannel_unwhitened,9,800,3,0.3333333333333333,0.00375
379,collision,E_multichannel_whitened,9,800,3,0.3333333333333333,0.00375
395,collision,A_single_unwhitened,21,800,11,0.5238095238095238,0.01375
395,collision,B_single_whitened_shipped_noise,21,800,12,0.5714285714285714,0.015
395,collision,C_single_whitened_repr_noise,21,800,12,0.5714285714285714,0.015
395,collision,D_multichannel_unwhitened,21,800,5,0.23809523809523808,0.00625
395,collision,E_multichannel_whitened,21,800,11,0.5238095238095238,0.01375
402,collision,A_single_unwhitened,4,800,1,0.25,0.00125
402,collision,B_single_whitened_shipped_noise,4,800,1,0.25,0.00125
402,collision,C_single_whitened_repr_noise,4,800,1,0.25,0.00125
402,collision,D_multichannel_unwhitened,4,800,1,0.25,0.00125
402,collision,E_multichannel_whitened,4,800,1,0.25,0.00125
460,pair,A_single_unwhitened,36,800,11,0.3055555555555556,0.01375
460,pair,B_single_whitened_shipped_noise,36,800,11,0.3055555555555556,0.01375
460,pair,C_single_whitened_repr_noise,36,800,11,0.3055555555555556,0.01375
460,pair,D_multichannel_unwhitened,36,800,9,0.25,0.01125
460,pair,E_multichannel_whitened,36,800,11,0.3055555555555556,0.01375
