unit,trodes,ks_ch,contam,n_spk,ptp,rate,viol,is_mua,reasons
461,1461,5,5.2,206032,115,16.3,0.043,False,
452,1453,13,4.1,1209,185,0.1,0.099,False,
445,1447,19,0.0,834,171,0.1,,False,
437,1442,24,0.0,2465,433,0.2,,False,
428,1436,30,0.0,12931,210,1.0,,False,
418,1430,36,0.0,4015,286,0.3,,True,presenceRatio
411,1425,41,0.4,208782,102,16.6,0.003,False,
408,1422,44,0.4,14642,200,1.2,0.002,False,
389,1407,59,0.0,10457,182,0.8,,False,
387,1402,64,0.0,585,139,0.0,,True,presenceRatio
376,1395,71,3.6,46547,121,3.7,0.334,False,
371,1394,72,4.0,269242,123,21.4,0.039,False,
359,1388,78,0.0,884,296,0.1,,True,presenceRatio
343,1380,86,5.1,81563,114,6.5,0.284,False,
328,1374,92,3.5,62481,94,5.0,0.034,False,
325,1369,97,6.7,30391,124,2.4,0.068,False,
307,1366,100,4.8,11569,116,0.9,0.042,False,
297,1361,105,0.0,2385,228,0.2,,False,
289,1356,110,1.0,69160,97,5.5,0.008,False,
280,1350,116,0.0,1420,61,0.1,0.444,True,violation_ratio
270,1340,126,0.6,61867,345,4.9,0.026,False,
251,1327,139,4.0,224834,281,17.8,0.037,True,"footprint_cliff,spikesMissing"
244,1324,142,4.7,400164,106,31.8,0.042,False,
241,1319,147,1.7,187998,123,14.9,0.018,False,
236,1313,153,0.0,5642,98,0.4,,True,footprint_flat
205,1273,193,1.6,10323,116,0.8,0.022,True,presenceRatio
204,1269,197,9.7,39938,172,3.2,0.085,True,presenceRatio
195,1263,203,8.9,79585,161,7.3,0.085,True,"footprint_cliff,presenceRatio"
186,1248,218,2.6,30079,97,2.4,0.023,False,
163,1218,248,0.9,76178,107,6.0,0.008,True,presenceRatio
158,1212,254,0.0,3669,146,0.3,,False,
144,1206,260,2.6,18247,112,1.4,0.034,True,presenceRatio
145,1203,263,0.2,24302,114,1.9,0.003,True,width_outlier
134,1198,268,0.0,24086,295,2.4,,True,"footprint_cliff,presenceRatio"
127,1194,272,0.1,37790,318,3.3,0.003,True,presenceRatio
126,1191,275,10.0,76691,186,6.1,0.525,True,"spikesMissing,violation_ratio"
120,1187,279,3.0,57097,138,4.5,0.025,True,presenceRatio
102,1173,293,0.5,21499,113,1.7,0.007,True,presenceRatio
87,1165,301,7.3,158737,132,12.6,0.061,False,
85,1161,305,0.0,11822,156,0.9,,False,
66,1145,321,3.1,159034,149,12.6,0.022,True,footprint_cliff
64,1141,325,9.9,169869,112,13.5,0.086,False,
60,1137,329,5.5,86971,98,6.9,0.038,False,
55,1132,334,1.6,54955,156,4.4,0.011,True,presenceRatio
46,1126,340,2.1,76898,93,6.1,0.015,False,
24,1111,355,5.6,3158,124,0.3,0.333,True,presenceRatio
22,1107,359,0.0,4099,111,0.3,,False,
17,1103,363,0.4,164412,138,13.0,0.006,False,
10,1099,367,0.9,222144,167,17.6,0.007,False,
