epoch,target,method,score,chance,chance_p95,p
pre-stimulus,DV,ridge,-0.008850966006173388,-0.01657470129543757,-0.0029993100195788,0.24701195219123506
pre-stimulus,DV,linear SVR,-0.4068872840782012,-0.4229470442620676,-0.2743169211790335,0.4342629482071713
pre-stimulus,DV,random forest,-0.07283884166932479,-0.04869301065547559,-0.011818168752578491,0.8605577689243028
pre-stimulus,sign(DV),logistic,0.4815062515369668,0.4962215099804393,0.5616196093653312,0.649402390438247
pre-stimulus,sign(DV),LDA,0.469960798306564,0.49293767718313575,0.555612034228752,0.7211155378486056
pre-stimulus,|DV|,ridge,-0.02344614537385762,-0.01639900544722151,-0.002182317282598506,0.7609561752988048
pre-stimulus,choice,logistic,0.5147606142728094,,,
stimulus,DV,ridge,0.2508396395687443,-0.015871948190907797,-0.0031172557935228613,0.00398406374501992
stimulus,DV,linear SVR,-0.00028878827118644645,-0.4295090010991107,-0.2708313854533369,0.00398406374501992
stimulus,DV,random forest,0.23961226114684286,-0.050671600824049305,-0.015595507458841713,0.00398406374501992
stimulus,sign(DV),logistic,0.7402667209929167,0.4943902871737009,0.5548750255156574,0.00398406374501992
stimulus,sign(DV),LDA,0.7548537611284429,0.49488992537373405,0.5594203967744994,0.00398406374501992
stimulus,|DV|,ridge,-0.01812132609431656,-0.016347712936148447,-0.0029186493715782076,0.6374501992031872
stimulus,choice,logistic,0.8265217017249539,,,
cue end -> choice,DV,ridge,0.5712203164087363,-0.016957357769747182,-0.0034907451776950357,0.00398406374501992
cue end -> choice,DV,linear SVR,0.45640501749539364,-0.43139423833365087,-0.2960280601357269,0.00398406374501992
cue end -> choice,DV,random forest,0.5781536663010662,-0.048629326905945236,-0.011792037552712591,0.00398406374501992
cue end -> choice,sign(DV),logistic,0.8879654096086742,0.4965920747966382,0.5593811106985744,0.00398406374501992
cue end -> choice,sign(DV),LDA,0.9021584237029607,0.4957799680793099,0.557879343488163,0.00398406374501992
cue end -> choice,|DV|,ridge,0.038773340468682534,-0.016382758370522648,-0.002209119170378014,0.00398406374501992
cue end -> choice,choice,logistic,0.997069729427453,,,
at choice poke,DV,ridge,0.5628473046859339,-0.016381326691381905,-0.0036396051814395515,0.00398406374501992
at choice poke,DV,linear SVR,0.443261357317423,-0.4187338656519407,-0.2912021984088769,0.00398406374501992
at choice poke,DV,random forest,0.5760430030402051,-0.050302079712656066,-0.011429130199981577,0.00398406374501992
at choice poke,sign(DV),logistic,0.8785535073380619,0.49698924340249484,0.5564673110274251,0.00398406374501992
at choice poke,sign(DV),LDA,0.8889623686245011,0.49538235650556844,0.5524195071419731,0.00398406374501992
at choice poke,|DV|,ridge,0.010649961944677312,-0.015943663734197498,-0.0025891746060495054,0.00796812749003984
at choice poke,choice,logistic,0.9999105260893879,,,
after choice (wait),DV,ridge,0.4271725162279155,-0.016914645596524225,-0.0031697739844235504,0.00398406374501992
after choice (wait),DV,linear SVR,0.2384858568403113,-0.43487372045128325,-0.28276282313920753,0.00398406374501992
after choice (wait),DV,random forest,0.5037685658130762,-0.04919699539635838,-0.015766963720254844,0.00398406374501992
after choice (wait),sign(DV),logistic,0.8630658247705199,0.4959193634506491,0.5589354907926649,0.00398406374501992
after choice (wait),sign(DV),LDA,0.8698642004477897,0.4946173419676711,0.5550376546811386,0.00398406374501992
after choice (wait),|DV|,ridge,0.08312484217824309,-0.01627075008694757,-0.0016419708211587688,0.00398406374501992
after choice (wait),choice,logistic,0.9968826085086248,,,
late wait,DV,ridge,0.39384018383351305,-0.016723838429665013,-0.003854642929915714,0.00398406374501992
late wait,DV,linear SVR,0.3016110834109342,-0.4239196391795535,-0.2861832981951895,0.00398406374501992
late wait,DV,random forest,0.4844719510386153,-0.047853856472010514,-0.010753595733527983,0.00398406374501992
late wait,sign(DV),logistic,0.8406678190903727,0.4942068881827548,0.5540579498751943,0.00398406374501992
late wait,sign(DV),LDA,0.8563737710293217,0.4928015024904889,0.5542378453051994,0.00398406374501992
late wait,|DV|,ridge,0.010867158685853162,-0.016523298486026353,-0.002317443751539738,0.00796812749003984
late wait,choice,logistic,0.9914105045812363,,,
