align,t_start,t_mid,dv_r2,dv_chance,dv_p,absdv_r2,absdv_chance,absdv_p,side_auc,side_chance,side_p,choice_auc
stim_on,-0.6,-0.5,-0.016446221383299785,-0.017598175611011853,0.5024875621890548,-0.017963990050079835,-0.017419824282750806,0.6169154228855721,0.5228236952458103,0.5024718576362938,0.26865671641791045,0.5296790983782853
stim_on,-0.5499999999999999,-0.44999999999999996,-0.010476642380719093,-0.017637817971691335,0.29850746268656714,-0.017744709253322166,-0.018179556885477,0.5671641791044776,0.47200558692441097,0.5022840953473906,0.7810945273631841,0.5406159934615218
stim_on,-0.4999999999999999,-0.3999999999999999,-0.010448066322143712,-0.01757659959000168,0.2935323383084577,-0.01860072516460658,-0.016517846435031652,0.6716417910447762,0.44430004323598005,0.5032027188841581,0.9552238805970149,0.515789134081817
stim_on,-0.44999999999999984,-0.34999999999999987,-0.008771268371492136,-0.017751927583030395,0.22885572139303484,-0.02127495116322382,-0.016556411210051417,0.7064676616915423,0.47454803131635076,0.5008968424072636,0.7611940298507462,0.4922075966791414
stim_on,-0.3999999999999998,-0.2999999999999998,-0.008951979143226298,-0.017118500540216623,0.2537313432835821,-0.01978902457965782,-0.017277471241771494,0.6567164179104478,0.4741754223544482,0.4977682254121482,0.7014925373134329,0.5081569664902998
stim_on,-0.34999999999999976,-0.24999999999999975,-0.00968725934112058,-0.017317074620270292,0.23880597014925373,-0.017544032026896084,-0.017266939524811276,0.6119402985074627,0.5004686442707504,0.5005360662812396,0.5223880597014925,0.5280046887770464
stim_on,-0.2999999999999997,-0.1999999999999997,-0.009974939477464662,-0.017396485499040895,0.24875621890547264,-0.02238672474548633,-0.017407823715214227,0.7213930348258707,0.4988878789778306,0.5005893980233602,0.5323383084577115,0.5710575558136534
stim_on,-0.24999999999999967,-0.14999999999999966,-0.008890305346688332,-0.017220304665199936,0.23880597014925373,-0.021882164662248082,-0.017485743557812936,0.7213930348258707,0.4949837423071298,0.5005572326240383,0.6169154228855721,0.5249139673936422
stim_on,-0.19999999999999962,-0.09999999999999962,-0.009078142207366423,-0.017673737535842393,0.23383084577114427,-0.020846932261827555,-0.016090519635475094,0.7412935323383084,0.45843848998741493,0.5042838659073849,0.9154228855721394,0.44939562094033647
stim_on,-0.14999999999999958,-0.04999999999999957,-0.008902656046550404,-0.017037132355478893,0.22388059701492538,-0.018295794225415198,-0.015992646909306178,0.681592039800995,0.47091990574877807,0.504431536066683,0.8258706467661692,0.4842506559986235
stim_on,-0.09999999999999953,4.718447854656915e-16,-0.009777341807452,-0.017226824140735765,0.2736318407960199,-0.01902967501672711,-0.016850712393007818,0.681592039800995,0.44443718487158596,0.5062201985158324,0.9402985074626866,0.49820622015743965
stim_on,-0.04999999999999949,0.050000000000000516,-0.012832877862315918,-0.01712797782203138,0.4129353233830846,-0.02052932879101572,-0.016434544731119667,0.7114427860696517,0.49038091862795674,0.5035639410319095,0.6517412935323383,0.5797844883210737
stim_on,5.551115123125783e-16,0.10000000000000056,0.05402424645903274,-0.01676979687353005,0.004975124378109453,-0.019545725437754326,-0.017123240873992102,0.6666666666666666,0.6064401921027633,0.5016850198580124,0.004975124378109453,0.6715264335183034
stim_on,0.0500000000000006,0.1500000000000006,0.11456801853167076,-0.01704578169404654,0.004975124378109453,-0.021334461432911213,-0.016830601284621636,0.7313432835820896,0.6687372120347109,0.500661425308639,0.004975124378109453,0.7186798296554394
stim_on,0.10000000000000064,0.20000000000000065,0.26639898993096944,-0.017730304225739082,0.004975124378109453,-0.016095956601986382,-0.016765706119702992,0.5621890547263682,0.7313081134164943,0.4979211240711898,0.004975124378109453,0.7964242697982535
stim_on,0.1500000000000007,0.25000000000000067,0.3408818657107801,-0.017524144989797125,0.004975124378109453,-0.018909372795655396,-0.017100355392981267,0.6517412935323383,0.7750472943759473,0.4950177058571091,0.004975124378109453,0.8712392996945841
stim_on,0.20000000000000073,0.3000000000000007,0.3493044558767301,-0.017599679991112643,0.004975124378109453,-0.01715724472637038,-0.01726760231401433,0.5771144278606966,0.7841059956571146,0.4957544107932436,0.004975124378109453,0.9090205187766164
stim_on,0.2500000000000008,0.35000000000000075,0.45602164009066476,-0.01669605074093233,0.004975124378109453,-0.013971754575465567,-0.016411859170862055,0.5124378109452736,0.8244898877632533,0.49840029566016836,0.004975124378109453,0.952236847765303
stim_on,0.3000000000000008,0.4000000000000008,0.5107633079282852,-0.016877447693018344,0.004975124378109453,0.0016750664742344878,-0.01632066189624225,0.009950248756218905,0.8579759534015785,0.501084672202158,0.004975124378109453,0.9825031186819806
stim_on,0.35000000000000087,0.45000000000000084,0.5219290428780794,-0.016727749680767668,0.004975124378109453,0.01787321655871422,-0.017065863039928297,0.004975124378109453,0.8725299638200033,0.5017468710169456,0.004975124378109453,0.9940874091280596
stim_on,0.4000000000000009,0.5000000000000009,0.5655365679216791,-0.017079362000820518,0.004975124378109453,0.04489621222251486,-0.016842007814070484,0.004975124378109453,0.8959966536315811,0.49788378843622366,0.004975124378109453,0.9971168322794339
stim_on,0.45000000000000095,0.5500000000000009,0.568039489669119,-0.01676778216730396,0.004975124378109453,0.04147158821267703,-0.016855215723385355,0.004975124378109453,0.9012489010185367,0.4947751853602007,0.004975124378109453,0.9980535122811546
stim_on,0.500000000000001,0.600000000000001,0.5510161891016259,-0.0172493098789991,0.004975124378109453,0.05459891245954649,-0.016915968965713724,0.004975124378109453,0.8819563316601491,0.49651282573649835,0.004975124378109453,0.9969114294317547
stim_on,0.550000000000001,0.650000000000001,0.5398117411565857,-0.01749870467359398,0.004975124378109453,0.06739824554339055,-0.017241877010697158,0.004975124378109453,0.8870817642208603,0.5007033561728603,0.004975124378109453,0.9994268077601411
stim_on,0.6000000000000011,0.7000000000000011,0.5018367228805807,-0.016727614931367076,0.004975124378109453,-0.00023389772061321867,-0.016489667402083227,0.01990049751243781,0.8700369836394408,0.4993750974416837,0.004975124378109453,0.9985869144405729
stim_on,0.6500000000000011,0.7500000000000011,0.4661822053786627,-0.016779779356508328,0.004975124378109453,0.007084835641664545,-0.01685324810482885,0.009950248756218905,0.8699988909730023,0.49974016542182403,0.004975124378109453,0.9987170387576891
stim_on,0.7000000000000012,0.8000000000000012,0.4414912005453155,-0.01739896915167352,0.004975124378109453,0.026948152312059992,-0.01752158953546348,0.004975124378109453,0.8789257144785887,0.4987003658181806,0.004975124378109453,0.9984933539811588
stim_on,0.7500000000000012,0.8500000000000012,0.39220386092265236,-0.0174094339868053,0.004975124378109453,0.05246840230275883,-0.017437320031566977,0.004975124378109453,0.8460659678189296,0.49678274040571097,0.004975124378109453,0.9941895728481095
stim_on,0.8000000000000013,0.9000000000000012,0.4131447934917188,-0.017691935843625776,0.004975124378109453,0.0525209522771294,-0.017736810180820052,0.004975124378109453,0.8426861276795459,0.498800410902539,0.004975124378109453,0.9966318234610918
stim_on,0.8500000000000013,0.9500000000000013,0.410548569147261,-0.018412778981234102,0.004975124378109453,0.04331406429436554,-0.016988471976883995,0.004975124378109453,0.8269929536603517,0.5000139697219557,0.004975124378109453,0.9947036176710974
stim_on,0.9000000000000014,1.0000000000000013,0.3712537453086433,-0.017658399887018353,0.004975124378109453,0.0587777805133434,-0.0173186182695818,0.004975124378109453,0.8056907550545112,0.4996995633808929,0.004975124378109453,0.9910450810857314
stim_on,0.9500000000000014,1.0500000000000014,0.3762537059982733,-0.017682497418473785,0.004975124378109453,0.04310517647444876,-0.017571390503882154,0.004975124378109453,0.8109527667009018,0.49973653576933524,0.004975124378109453,0.9879016647309329
stim_on,1.0000000000000013,1.1000000000000014,0.3448121562971534,-0.01755902866118383,0.004975124378109453,0.05936908520115641,-0.017273992064848198,0.004975124378109453,0.8075709978189134,0.4988406798335495,0.004975124378109453,0.9854153224071924
choice_poke,-0.6,-0.5,0.013653241054614917,-0.016880845783581507,0.009950248756218905,-0.013733429091491257,-0.017005114249035516,0.472636815920398,0.5882454389255618,0.5030507645053498,0.009950248756218905,0.6520346711403622
choice_poke,-0.5499999999999999,-0.44999999999999996,0.11049525680748287,-0.017163457226192738,0.004975124378109453,-0.003934143524199718,-0.016867346094574846,0.07960199004975124,0.6796967695168661,0.4995834578979598,0.004975124378109453,0.7175915171850131
choice_poke,-0.4999999999999999,-0.3999999999999999,0.24450342918057816,-0.018090638068271582,0.004975124378109453,-0.003334734907207127,-0.01697322585262486,0.07960199004975124,0.7343163089652778,0.4983534175711665,0.004975124378109453,0.7994644470254226
choice_poke,-0.44999999999999984,-0.34999999999999987,0.30232595118201333,-0.01795662573166685,0.004975124378109453,0.009762007881755075,-0.016339501202141116,0.004975124378109453,0.7657270073790479,0.49764805671146173,0.004975124378109453,0.8711403621972729
choice_poke,-0.3999999999999998,-0.2999999999999998,0.38299004548147764,-0.018010828191128547,0.004975124378109453,-0.0005149706587827992,-0.016830988152042224,0.014925373134328358,0.807690901317492,0.49599208130614447,0.004975124378109453,0.9249903213317847
choice_poke,-0.34999999999999976,-0.24999999999999975,0.4751613533140703,-0.017160691627980906,0.004975124378109453,0.010601548634014668,-0.017030348656003468,0.004975124378109453,0.842329953211919,0.5005196731745657,0.004975124378109453,0.9744074504237106
choice_poke,-0.2999999999999997,-0.1999999999999997,0.4918493346269804,-0.016723458023054395,0.004975124378109453,0.023726078629670775,-0.01704429148827212,0.004975124378109453,0.8712065249362309,0.49818432189428236,0.004975124378109453,0.9970221964124404
choice_poke,-0.24999999999999967,-0.14999999999999966,0.5323728509538809,-0.017717799907982737,0.004975124378109453,0.017895679638744298,-0.016701718839598964,0.004975124378109453,0.8746059337766228,0.4999821105105221,0.004975124378109453,0.9990643954058589
choice_poke,-0.19999999999999962,-0.09999999999999962,0.521914830185241,-0.017943876607423703,0.004975124378109453,0.017110984286431995,-0.01651294461588613,0.004975124378109453,0.8659724398754676,0.49663065262220596,0.004975124378109453,0.9996440400911946
choice_poke,-0.14999999999999958,-0.04999999999999957,0.5258654323745214,-0.01761332333794923,0.004975124378109453,0.013780588181320583,-0.016587706102606407,0.009950248756218905,0.8771026107138438,0.4975569320616491,0.004975124378109453,0.9994665978405814
choice_poke,-0.09999999999999953,4.718447854656915e-16,0.5525762156468961,-0.017049361313632085,0.004975124378109453,0.01624280503559202,-0.016122291169470362,0.004975124378109453,0.8671112820191362,0.49744066183195185,0.004975124378109453,1.0
choice_poke,-0.04999999999999949,0.050000000000000516,0.5248804182072482,-0.01712165856173477,0.004975124378109453,0.002902679883949888,-0.016009509299828348,0.014925373134328358,0.8704353895336783,0.4983396543853981,0.004975124378109453,0.9997763152234697
choice_poke,5.551115123125783e-16,0.10000000000000056,0.4849881834873162,-0.017434023904765828,0.004975124378109453,0.00292091056407342,-0.01653424680040621,0.014925373134328358,0.852827054472513,0.5010761214432781,0.004975124378109453,0.9997763152234697
choice_poke,0.0500000000000006,0.1500000000000006,0.4637010408828409,-0.017321852354819867,0.004975124378109453,0.003856161954133952,-0.01692201517939229,0.014925373134328358,0.8644975143329685,0.5003653781862425,0.004975124378109453,0.9999118165784833
choice_poke,0.10000000000000064,0.20000000000000065,0.42689100152800497,-0.016995625105386734,0.004975124378109453,0.0033494775990649314,-0.016777530874951638,0.014925373134328358,0.8622396398394644,0.49945364588607233,0.004975124378109453,0.9995526304469393
choice_poke,0.1500000000000007,0.25000000000000067,0.42146499417227534,-0.016432642613044512,0.004975124378109453,0.052283153659512915,-0.016786878252328937,0.004975124378109453,0.8461150703910687,0.5015338068396428,0.004975124378109453,0.9977771325332301
choice_poke,0.20000000000000073,0.3000000000000007,0.3885631842851787,-0.0171442451369524,0.004975124378109453,0.03781748614056056,-0.017428230741971223,0.004975124378109453,0.8430318949735359,0.49832617126912865,0.004975124378109453,0.9922355572762077
choice_poke,0.2500000000000008,0.35000000000000075,0.40587283653098705,-0.01721797780519656,0.004975124378109453,0.03831137723262347,-0.01701000145474694,0.004975124378109453,0.831668065005055,0.5010800500508706,0.004975124378109453,0.9960898180410376
choice_poke,0.3000000000000008,0.4000000000000008,0.3771004521564618,-0.0175634801767962,0.004975124378109453,0.05388569053501346,-0.01783144101705458,0.004975124378109453,0.8189847340022856,0.49943633743030413,0.004975124378109453,0.993305587817783
choice_poke,0.35000000000000087,0.45000000000000084,0.34609921671443195,-0.017188102803131985,0.004975124378109453,0.07408654933827685,-0.017526804099084213,0.004975124378109453,0.8175585895748247,0.5002762192466009,0.004975124378109453,0.9864003957499894
choice_poke,0.4000000000000009,0.5000000000000009,0.34027819789926295,-0.016821559226899045,0.004975124378109453,0.06942524534705785,-0.017208158084070654,0.004975124378109453,0.8231038852912482,0.4985806744812888,0.004975124378109453,0.9911375661375661
choice_poke,0.45000000000000095,0.5500000000000009,0.3448012524401716,-0.017165096028316493,0.004975124378109453,0.029112940888279794,-0.017009558652491538,0.004975124378109453,0.8204754511248588,0.4963876061411165,0.004975124378109453,0.9833677463758764
choice_poke,0.500000000000001,0.600000000000001,0.3380689311742837,-0.01734148212419998,0.004975124378109453,0.04812446727182951,-0.01722462218794987,0.004975124378109453,0.8218644270750458,0.4960303897506618,0.004975124378109453,0.9848184712005851
choice_poke,0.550000000000001,0.650000000000001,0.3443884510574339,-0.018031484079304286,0.004975124378109453,0.034868045900994224,-0.017261858282821084,0.004975124378109453,0.8152014250193277,0.49731475150562476,0.004975124378109453,0.9925495762894136
choice_poke,0.6000000000000011,0.7000000000000011,0.3466201031829194,-0.01758333382104841,0.004975124378109453,0.008514027039919082,-0.01711634395161282,0.014925373134328358,0.8219019973736954,0.4951376459214326,0.004975124378109453,0.9948262141351574
choice_poke,0.6500000000000011,0.7500000000000011,0.3210901296289164,-0.017164399911029485,0.004975124378109453,0.014858677799744046,-0.016542759030109343,0.014925373134328358,0.816238927811986,0.49993610517754883,0.004975124378109453,0.9889265281541704
choice_poke,0.7000000000000012,0.8000000000000012,0.33219079529102935,-0.017101419357783226,0.004975124378109453,0.005805068320265061,-0.016978397610717934,0.004975124378109453,0.8244034559852901,0.5012503813284858,0.004975124378109453,0.9822030799673076
choice_poke,0.7500000000000012,0.8500000000000012,0.361012969769089,-0.0172301101689376,0.004975124378109453,0.022901359450426994,-0.017691109716273086,0.004975124378109453,0.8304616365059542,0.5000651870799961,0.004975124378109453,0.9667817352776702
choice_poke,0.8000000000000013,0.9000000000000012,0.3949576286837039,-0.017336238496105112,0.004975124378109453,0.024577744658434077,-0.017549325937717263,0.004975124378109453,0.8258866188659958,0.5010299429252918,0.004975124378109453,0.9757388050070976
choice_poke,0.8500000000000013,0.9500000000000013,0.35123441948584494,-0.017110354512263917,0.004975124378109453,0.00983396169383024,-0.01690637586296164,0.009950248756218905,0.8107511327344588,0.5011573894147391,0.004975124378109453,0.9723018023831032
choice_poke,0.9000000000000014,1.0000000000000013,0.36598546815287025,-0.01786367057890479,0.004975124378109453,-0.01698920321607662,-0.017159162058731248,0.572139303482587,0.8157145107342562,0.49768923657153147,0.004975124378109453,0.9727620768271175
choice_poke,0.9500000000000014,1.0500000000000014,0.2970881822915761,-0.017401131731590604,0.004975124378109453,-0.020769758654480552,-0.016883059350056254,0.7064676616915423,0.7942724381074534,0.4995567259272831,0.004975124378109453,0.977887469350884
choice_poke,1.0000000000000013,1.1000000000000014,0.23708345328216618,-0.017116150614711324,0.004975124378109453,-0.01929168372505513,-0.016984816840071162,0.7014925373134329,0.7688469092703407,0.5013147414600903,0.004975124378109453,0.958227943390545
