epoch,subset,target,n,r2,chance,chance_p95,p
stimulus,ALL trials,DV,478,0.21552458369422728,-0.01750845726121162,-0.003629613037644451,0.004975124378109453
stimulus,ALL trials,|DV|,478,-0.023858015036326972,-0.017122626485551354,-0.0027841493232409007,0.7512437810945274
stimulus,LEFT choice only,DV,208,-0.045907433590832124,-0.04136788266148852,-0.0071947399949272945,0.681592039800995
stimulus,LEFT choice only,|DV|,208,-0.05006714377786274,-0.04048575455405924,-0.006243873339944824,0.7014925373134329
stimulus,RIGHT choice only,DV,270,0.06177519710860304,-0.03480834469700591,-0.006638701966646502,0.004975124378109453
stimulus,RIGHT choice only,|DV|,270,0.07694359025182358,-0.030983580829913163,-0.003442838988652007,0.004975124378109453
cue end -> choice,ALL trials,DV,478,0.5637567885238113,-0.016938166448152416,-0.00343772136003654,0.004975124378109453
cue end -> choice,ALL trials,|DV|,478,0.020084120984082833,-0.01676130748873479,-0.003195545875027469,0.004975124378109453
cue end -> choice,LEFT choice only,DV,208,0.06613487811726397,-0.0428343892076607,-0.007461829193686534,0.004975124378109453
cue end -> choice,LEFT choice only,|DV|,208,-0.012271160558500974,-0.03628387493596637,-0.004611282167565931,0.14427860696517414
cue end -> choice,RIGHT choice only,DV,270,0.20653603117654828,-0.030226237306622217,-0.00438472402805239,0.004975124378109453
cue end -> choice,RIGHT choice only,|DV|,270,0.18731078705747883,-0.030093511174488333,-0.0033346722980608866,0.004975124378109453
after choice (wait),ALL trials,DV,478,0.419314724076536,-0.01621998515126348,-0.0037227390347647957,0.004975124378109453
after choice (wait),ALL trials,|DV|,478,0.07663014319745828,-0.0183315906988344,-0.003893858898865037,0.004975124378109453
after choice (wait),LEFT choice only,DV,208,0.08622817903153632,-0.04167041649055724,-0.006201990236694284,0.004975124378109453
after choice (wait),LEFT choice only,|DV|,208,0.038057816055089164,-0.040078656666375105,-0.004295412727280435,0.004975124378109453
after choice (wait),RIGHT choice only,DV,270,0.027117502934750758,-0.02980988083943044,-0.0024272586931911974,0.004975124378109453
after choice (wait),RIGHT choice only,|DV|,270,0.02034437314092181,-0.030685018222700818,-0.004566837847739764,0.014925373134328358
