unit,impostor,bar,own_kept_frac,impostor_kept,other_kept,impostor_total
408,412,0.7,1.0,162,148,162
408,412,0.71,1.0,161,148,162
408,412,0.72,1.0,161,147,162
408,412,0.73,0.9967,161,144,162
408,412,0.74,0.9967,161,143,162
408,412,0.75,0.9967,161,140,162
408,412,0.76,0.9967,161,134,162
408,412,0.77,0.9933,161,125,162
408,412,0.78,0.9933,161,116,162
408,412,0.79,0.9833,161,104,162
408,412,0.8,0.97,161,96,162
408,412,0.81,0.9433,161,89,162
408,412,0.82,0.91,160,85,162
408,412,0.83,0.8633,160,78,162
408,412,0.84,0.8333,155,67,162
408,412,0.85,0.7933,144,59,162
408,412,0.86,0.7667,127,45,162
408,412,0.87,0.7533,109,32,162
408,412,0.88,0.7367,72,21,162
408,412,0.89,0.7333,42,17,162
408,412,0.9,0.73,23,12,162
408,412,0.91,0.72,11,7,162
408,412,0.92,0.7,2,3,162
408,412,0.93,0.67,0,1,162
408,412,0.94,0.6233,0,1,162
408,412,0.95,0.54,0,1,162
408,412,0.96,0.3533,0,0,162
408,412,0.97,0.1633,0,0,162
408,412,0.98,0.02,0,0,162
408,412,0.99,0.0,0,0,162
440,439,0.7,1.0,461,4,470
440,439,0.71,1.0,443,4,470
440,439,0.72,0.9933,418,4,470
440,439,0.73,0.9933,362,4,470
440,439,0.74,0.9933,305,4,470
440,439,0.75,0.9933,229,4,470
440,439,0.76,0.9933,145,4,470
440,439,0.77,0.9933,85,4,470
440,439,0.78,0.9933,41,4,470
440,439,0.79,0.9933,20,4,470
440,439,0.8,0.9933,9,4,470
440,439,0.81,0.9933,2,4,470
440,439,0.82,0.9933,1,4,470
440,439,0.83,0.9933,0,3,470
440,439,0.84,0.9933,0,3,470
440,439,0.85,0.9833,0,3,470
440,439,0.86,0.9767,0,3,470
440,439,0.87,0.9667,0,3,470
440,439,0.88,0.9633,0,3,470
440,439,0.89,0.9567,0,0,470
440,439,0.9,0.92,0,0,470
440,439,0.91,0.8433,0,0,470
440,439,0.92,0.7333,0,0,470
440,439,0.93,0.5633,0,0,470
440,439,0.94,0.3867,0,0,470
440,439,0.95,0.21,0,0,470
440,439,0.96,0.05,0,0,470
440,439,0.97,0.0,0,0,470
440,439,0.98,0.0,0,0,470
440,439,0.99,0.0,0,0,470
