config,injected_unit,n_true,matched_cluster,n_in_cluster,n_matched,recall,precision,n_clusters_touching,matched_in_fragments,largest_other_fragment,n_total_clusters,n_total_spikes
vanilla,31,565,40,861,432,0.7646,0.5017,6,533,30,210,231284
vanilla,302,564,120,501,468,0.8298,0.9341,7,644,68,210,231284
vanilla,408,579,169,393,393,0.6788,1.0,10,791,166,210,231284
vanilla,439,581,181,584,580,0.9983,0.9932,7,721,37,210,231284
vanilla,440,587,182,463,456,0.7768,0.9849,6,696,167,210,231284
subsample_align,31,565,41,877,432,0.7646,0.4926,6,527,27,205,223222
subsample_align,302,564,117,590,503,0.8918,0.8525,8,641,28,205,223222
subsample_align,408,579,165,365,365,0.6304,1.0,9,773,151,205,223222
subsample_align,439,581,178,585,580,0.9983,0.9915,6,720,54,205,223222
subsample_align,440,587,179,514,508,0.8654,0.9883,5,680,116,205,223222
vanilla_repeat,31,565,40,861,432,0.7646,0.5017,6,533,30,210,231284
vanilla_repeat,302,564,120,501,468,0.8298,0.9341,7,644,68,210,231284
vanilla_repeat,408,579,169,393,393,0.6788,1.0,10,791,166,210,231284
vanilla_repeat,439,581,181,584,580,0.9983,0.9932,7,721,37,210,231284
vanilla_repeat,440,587,182,463,456,0.7768,0.9849,6,696,167,210,231284
