group,win_lo,win_hi,n,sd_remaining,r2,chance,chance_p95,p
omission_catch,0.0,0.5,67,1.8701581188102112,-0.20400593788283922,-0.20878386542079527,-0.033838254114067094,0.6212624584717608
omission_catch,0.5,1.0,67,1.8701581188102112,-0.20747570381346106,-0.201880793347389,-0.023287899635238845,0.6777408637873754
omission_catch,1.0,1.5,67,1.8701581188102112,-0.23962987799789087,-0.18205375607070906,-0.030051819412017376,0.7508305647840532
omission_catch,1.5,2.0,66,1.7588493328444545,-0.35301203522910896,-0.39126644256324244,-0.03319430163414545,0.7308970099667774
omission_catch,2.0,2.5,66,1.7588493328444545,-0.37795366537760733,-0.23515518815866893,-0.03242653719506228,0.8504983388704319
omission_catch,2.5,3.0,66,1.7588493328444543,-0.26208265890084187,-0.2365255492841332,-0.03027577166741445,0.7242524916943521
omission_catch,3.0,3.5,66,1.7588493328444545,-0.3730698655284971,-0.220632933022848,-0.037157221636953265,0.867109634551495
omission_catch,3.5,4.0,64,1.6758410950619504,-0.2404547678324998,-0.2903249562343939,-0.024344956684187253,0.6312292358803987
error,0.0,0.5,71,1.9597376015920678,-0.15059842439390864,-0.17582033141882525,-0.023483986900237827,0.5714285714285714
error,0.5,1.0,70,1.8664136008086933,-0.13834491611374708,-0.18037607783199208,-0.034469512411545215,0.5382059800664452
error,1.0,1.5,69,1.767901512416782,-0.2199451796806981,-0.1712861935641315,-0.021488929071170615,0.7408637873754153
error,1.5,2.0,68,1.6943461355076188,-0.23467938184513654,-0.18100452520153104,-0.013765168763469168,0.7308970099667774
error,2.0,2.5,68,1.6943461355076188,-0.3062837061957624,-0.1916027359982904,-0.0325112263646523,0.8205980066445183
error,2.5,3.0,66,1.5864677628216879,-0.20717730266889528,-0.2188762797090917,-0.020432958216681823,0.6146179401993356
error,3.0,3.5,66,1.5864677628216879,-0.16153540397623964,-0.21486186380292813,-0.03469083852187748,0.5382059800664452
error,3.5,4.0,66,1.5864677628216879,-0.2350951422542893,-0.21825388676110777,-0.030071007057186176,0.717607973421927
