unit,verdict,ts
10,good,1790877724334
11,mua,1790880236993
12,good,1790880187904
16,good,1790880262966
17,good,1790877733949
18,good,1790877827976
22,good,1790877862645
23,good,1790877893151
31,mua,1790880318880
35,good,1790877905479
37,mua,1790877953230
38,good,1790877963242
39,good,1790880346359
40,good,1790878009545
41,good,1790878070663
42,mua,1790880357842
43,mua,1790880383981
44,mua,1790880393117
45,good,1790878088172
46,mua,1790880403650
47,good,1790878144176
49,mua,1790880413346
50,good,1790880440456
51,good,1790880644107
53,good,1790880466156
54,mua,1790880482527
55,good,1790880509259
56,good,1790878154744
57,good,1790878222381
58,mua,1790878249774
60,mua,1790883049716
61,good,1790878258649
62,mua,1790878287616
64,good,1790880681403
66,mua,1790880583505
82,mua,1790878300864
83,mua,1790878363114
85,good,1790878378624
87,good,1790878399762
88,mua,1790878409494
90,good,1790878417647
91,noise,1790880740728
94,mua,1790880790316
99,good,1790878429273
106,mua,1790878440908
109,mua,1790878455803
114,good,1790878487527
118,good,1790878508271
119,mua,1790878520657
120,good,1790878534593
121,good,1790878601514
123,mua,1790878612767
124,good,1790878623712
125,good,1790878656999
127,noise,1790878705120
130,mua,1790880864692
131,good,1790878725279
132,mua,1790878737656
133,noise,1790878813467
134,noise,1790878810765
135,good,1790878853447
139,mua,1790880862307
145,good,1790878868698
147,good,1790878880596
151,good,1790878895480
153,good,1790879671481
158,good,1790881068413
161,good,1790879826959
163,good,1790881323518
164,good,1790879809833
165,good,1790880016931
167,good,1790880024250
168,good,1790880006934
178,mua,1790880031505
186,mua,1790879970229
194,good,1790881134430
195,noise,1790881300686
201,good,1790880054125
204,good,1790880079399
209,mua,1790881990306
219,noise,1790881391033
239,good,1790879658173
241,mua,1790879644233
242,good,1790881508174
243,good,1790881517912
244,mua,1790879611111
245,mua,1790879569724
246,mua,1790881984730
248,good,1790881549970
250,good,1790879560291
251,noise,1790879547689
253,good,1790879502559
254,good,1790879488756
255,mua,1790879448658
258,mua,1790879433192
260,good,1790881581618
263,good,1790881624229
265,good,1790879406772
270,good,1790879378929
271,mua,1789675656232
272,good,1790881728329
278,good,1790881753649
279,mua,1790879368326
284,good,1790878947199
285,good,1790878985844
292,good,1790879002396
296,noise,1790879007903
297,good,1790879015241
298,good,1790881640008
300,mua,1790879035843
301,noise,1790881644498
302,good,1790881695306
303,good,1790881665997
307,good,1790881834141
308,noise,1790881397189
309,noise,1790881839737
310,good,1790879067769
311,mua,1790882951820
313,mua,1790882919678
316,good,1790881790316
318,good,1790879243970
319,good,1790879273429
320,noise,1790881807275
321,good,1790881822834
323,mua,1790882522681
324,mua,1790882516643
325,mua,1790882072348
326,mua,1790882507044
328,mua,1790882047439
330,mua,1790882026202
331,good,1790882904397
335,noise,1790879281468
336,mua,1790882552318
339,mua,1790882017212
343,mua,1790879302576
345,good,1790882529728
358,good,1790879324099
360,good,1790882544374
361,good,1790879332603
362,mua,1790882007118
364,good,1790879339365
365,good,1790879347610
366,mua,1790882537998
368,good,1790879354636
370,mua,1790881950842
371,good,1790881928914
372,mua,1790881943452
373,good,1790879730488
374,mua,1790881957859
375,mua,1790881967935
376,mua,1790879998110
379,good,1790880086411
382,mua,1790882867845
389,good,1790882818477
390,good,1790879746521
391,mua,1790882601720
392,mua,1790882002214
395,good,1790879957036
396,mua,1790882828756
397,mua,1790879903592
402,good,1790879705408
403,good,1790879777211
407,mua,1790882561663
408,good,1790879789754
409,mua,1790879722172
410,mua,1790882424233
411,mua,1790882390713
412,good,1790879797500
414,mua,1790882468285
415,good,1790882400533
416,good,1790879860736
418,good,1790879939839
422,mua,1790882436707
424,good,1790879835145
425,mua,1790882408823
426,mua,1790882417165
428,good,1790879842225
429,good,1790882596687
432,good,1790882850188
437,good,1790879868903
439,good,1790879877658
440,good,1790882800951
444,mua,1790882444562
445,good,1790882456474
448,good,1790882655945
452,good,1790882770703
453,good,1790882810476
456,mua,1790879888021
457,mua,1790882861713
460,good,1790879894999
461,mua,1790882890402
462,good,1790882697888
465,good,1790880093933
466,mua,1790882634620
468,mua,1790882611815
469,good,1790882703815
470,mua,1790882718028
471,good,1790882746155
