unit,lag_lo,lag_hi,n,scatter_median,scatter_p75,scatter_mean
408,0,3,12,0.3826,0.7809,0.588
408,3,6,23,0.3008,0.6257,0.5216
408,6,10,48,0.5634,0.8407,0.7768
408,10,15,54,0.6146,0.972,0.8043
408,15,25,102,0.4562,0.8492,0.6933
408,25,40,108,0.346,0.6098,0.5852
408,40,-1,350,0.3747,0.6303,0.5295
439,0,3,1,0.0322,0.0322,0.0322
439,3,6,2,0.3317,0.3464,0.3317
439,6,10,8,0.5615,0.7742,0.5818
439,10,15,10,0.3985,0.4449,0.4203
439,15,25,16,0.2837,0.3477,0.3069
439,25,40,25,0.2834,0.4305,0.3356
439,40,-1,350,0.251,0.3899,0.2979
