keep_fraction,n_probes,band_lo,band_hi,freqs,iso_median,coll_median,auc,flag_rate_colliding
0.35,3,495.0,6403.5,495;1780;6403,0.7205,0.936,0.6074,0.0948
0.35,5,495.0,6403.5,495;939;1780;3377;6403,0.7381,0.9434,0.6111,0.1293
0.35,7,495.0,6403.5,495;758;1162;1780;2728;4179;6403,0.7155,0.9045,0.6113,0.1293
0.5,3,585.0,4848.1,585;1684;4848,0.6107,0.9633,0.6347,0.1121
0.5,5,585.0,4848.1,585;993;1684;2857;4848,0.6315,0.8199,0.629,0.1466
0.5,7,585.0,4848.1,585;832;1184;1684;2396;3408;4848,0.6039,0.7902,0.6243,0.1034
0.7,3,772.7,3283.9,773;1593;3284,0.5314,0.724,0.6116,0.1293
0.7,5,772.7,3283.9,773;1109;1593;2287;3284,0.4835,0.6673,0.6209,0.1466
0.7,7,772.7,3283.9,773;983;1252;1593;2027;2580;3284,0.4652,0.6284,0.6194,0.1466
0.85,3,965.3,2628.5,965;1593;2629,0.3812,0.5545,0.6107,0.1638
0.85,5,965.3,2628.5,965;1240;1593;2046;2629,0.3552,0.4795,0.6115,0.1638
0.85,7,965.3,2628.5,965;1141;1348;1593;1882;2224;2629,0.3337,0.4497,0.61,0.1638
