ks_channel,ntrode,x_um,y_um,noise_uv,p999_uv,max_neighbor_uv,sum_neighbor_uv,n_neighbors,density,edge_ok
0,1466,2426.0,4740.0,20.71,93.6,142.6,448.2,8,8707,False
1,1465,2458.0,4740.0,26.99,117.6,148.9,648.9,8,16068,False
2,1464,2442.0,4720.0,20.36,83.7,101.7,504.7,10,16158,False
3,1463,2474.0,4720.0,25.28,103.2,166.2,735.5,10,16338,False
4,1462,2426.0,4700.0,18.22,66.2,49.3,265.9,11,16338,False
5,1461,2458.0,4700.0,22.36,94.8,122.3,676.9,11,17004,False
6,1460,2442.0,4680.0,17.81,72.6,83.7,390.4,9,17004,False
7,1459,2474.0,4680.0,24.75,198.0,269.6,762.4,9,15876,False
8,1458,2426.0,4660.0,17.07,64.8,36.9,195.5,9,13282,False
9,1457,2458.0,4660.0,20.58,74.8,74.7,362.9,9,13283,False
10,1456,2442.0,4640.0,17.81,64.5,57.6,184.8,6,12552,False
11,1455,2474.0,4640.0,19.31,72.0,84.5,238.8,6,13214,False
12,1454,2426.0,4620.0,17.8,64.8,39.6,129.7,5,9961,False
13,1453,2458.0,4620.0,18.93,69.8,52.5,183.8,5,10012,False
14,1452,2442.0,4600.0,17.18,63.5,38.8,183.8,6,2651,False
15,1451,2474.0,4600.0,19.2,69.5,50.1,204.7,6,2687,False
16,1450,2426.0,4580.0,17.4,63.4,78.3,203.4,5,2507,False
17,1449,2458.0,4580.0,18.95,70.1,111.7,326.9,5,2707,False
18,1448,2442.0,4560.0,17.88,66.5,184.5,354.6,4,3219,False
19,1447,2474.0,4560.0,19.25,75.0,265.3,443.8,4,3403,False
20,1446,2426.0,4540.0,17.59,65.2,167.4,285.9,6,2728,False
21,1445,2458.0,4540.0,19.81,73.5,296.2,492.5,6,2918,False
22,1444,2442.0,4520.0,17.9,66.4,129.8,306.7,6,2917,False
23,1443,2474.0,4520.0,20.3,75.9,178.4,390.9,6,3112,False
24,1442,2426.0,4500.0,16.76,64.6,84.9,180.9,5,2650,False
25,1441,2458.0,4500.0,19.23,70.6,84.2,253.4,5,2878,True
26,1440,2442.0,4480.0,18.01,65.3,66.0,291.3,8,2905,True
27,1439,2474.0,4480.0,19.68,71.1,62.8,318.9,8,2905,True
28,1438,2426.0,4460.0,17.64,64.7,104.8,288.0,8,2823,True
29,1437,2458.0,4460.0,19.5,74.2,122.6,454.2,8,3481,True
30,1436,2442.0,4440.0,17.88,66.8,203.1,413.9,7,4258,True
31,1435,2474.0,4440.0,20.21,78.7,149.3,422.2,7,3080,True
32,1434,2426.0,4420.0,18.17,66.9,107.3,308.1,8,3105,True
33,1433,2458.0,4420.0,19.84,71.7,143.2,395.3,8,3104,True
34,1432,2442.0,4400.0,20.98,74.6,65.9,343.9,8,3934,True
35,1431,2474.0,4400.0,19.46,73.3,72.9,299.2,8,5949,True
36,1430,2426.0,4380.0,19.92,74.2,77.6,353.0,8,6756,True
37,1429,2458.0,4380.0,19.89,72.5,63.6,318.6,8,6556,True
38,1428,2442.0,4360.0,20.21,72.9,164.5,466.5,8,6245,True
39,1427,2474.0,4360.0,19.44,72.3,87.0,339.0,8,7042,True
40,1426,2426.0,4340.0,20.41,74.6,275.8,695.3,11,7042,True
41,1425,2458.0,4340.0,20.19,80.2,196.3,659.8,11,7421,True
42,1424,2442.0,4320.0,20.24,75.8,176.2,653.7,10,6763,True
43,1423,2474.0,4320.0,20.08,74.5,79.2,456.2,10,5851,True
44,1422,2426.0,4300.0,20.7,76.0,224.2,599.2,9,6473,True
45,1421,2458.0,4300.0,19.65,74.1,131.4,556.9,9,6264,True
46,1420,2442.0,4280.0,20.49,75.4,147.7,530.6,8,6264,True
47,1419,2474.0,4280.0,19.59,75.6,119.3,450.9,8,5333,True
48,1418,2426.0,4260.0,20.28,73.4,91.3,342.4,7,3717,True
49,1417,2458.0,4260.0,18.37,72.2,112.7,392.5,7,3398,True
50,1416,2442.0,4240.0,18.26,71.1,138.3,344.2,5,3398,True
51,1415,2474.0,4240.0,19.12,72.2,83.9,286.1,5,3566,True
52,1414,2426.0,4220.0,19.97,72.7,95.5,274.2,5,2591,True
53,1413,2458.0,4220.0,19.0,72.5,120.3,362.3,5,3340,True
54,1412,2442.0,4200.0,19.33,74.9,136.3,485.9,7,2918,True
55,1411,2474.0,4200.0,19.69,77.0,144.1,513.9,7,3443,True
56,1410,2426.0,4180.0,20.48,73.7,75.0,339.1,7,3378,True
57,1409,2458.0,4180.0,19.86,76.5,125.5,473.0,7,2756,True
58,1408,2442.0,4160.0,19.99,71.9,99.5,354.2,7,2995,True
59,1407,2474.0,4160.0,21.52,76.5,193.1,482.8,7,3102,True
60,1406,2426.0,4140.0,19.38,68.8,52.3,276.0,7,3176,True
61,1405,2458.0,4140.0,19.76,72.2,88.1,327.8,7,2777,True
62,1404,2442.0,4120.0,19.64,69.8,53.7,252.4,6,2137,True
63,1403,2474.0,4120.0,20.01,72.2,50.3,236.3,6,2194,True
64,1402,2426.0,4100.0,19.3,69.9,61.5,178.1,4,1910,True
65,1401,2458.0,4100.0,19.63,73.0,57.9,190.4,4,3670,True
66,1400,2442.0,4080.0,18.69,67.3,49.7,139.2,4,5835,True
67,1399,2474.0,4080.0,20.85,73.4,54.3,169.8,4,6924,True
68,1398,2426.0,4060.0,19.57,70.5,49.2,248.2,7,6399,True
69,1397,2458.0,4060.0,21.96,77.3,105.0,359.0,7,6891,True
70,1396,2442.0,4040.0,20.35,80.4,147.3,387.9,7,7733,True
71,1395,2474.0,4040.0,20.66,144.3,333.8,726.7,7,7791,True
72,1394,2426.0,4020.0,19.02,84.1,132.4,729.2,12,7700,True
73,1393,2458.0,4020.0,20.83,103.2,227.1,867.6,12,8022,True
74,1392,2442.0,4000.0,20.12,75.6,153.0,1021.9,14,8067,True
75,1391,2474.0,4000.0,20.75,79.0,186.5,978.2,14,8236,True
76,1390,2426.0,3980.0,20.11,77.2,286.7,1114.3,13,8180,True
77,1389,2458.0,3980.0,20.8,80.0,225.0,1071.3,13,8838,True
78,1388,2442.0,3960.0,20.02,75.6,243.2,922.4,11,7080,True
79,1387,2474.0,3960.0,20.41,76.2,309.3,836.7,11,5210,True
80,1386,2426.0,3940.0,19.66,71.6,91.6,529.5,11,4885,True
81,1385,2458.0,3940.0,21.19,76.7,138.2,570.6,11,4923,True
82,1384,2442.0,3920.0,19.24,71.4,70.0,317.2,7,7178,True
83,1383,2474.0,3920.0,20.25,76.7,70.0,336.2,7,6336,True
84,1382,2426.0,3900.0,19.94,70.7,54.6,245.1,6,6048,True
85,1381,2458.0,3900.0,22.64,77.0,78.7,310.4,6,7292,True
86,1380,2442.0,3880.0,19.86,73.0,101.5,331.2,6,7397,True
87,1379,2474.0,3880.0,21.36,78.0,64.6,255.9,6,8449,True
88,1378,2426.0,3860.0,20.43,72.7,74.9,230.3,7,9605,True
89,1377,2458.0,3860.0,20.72,76.3,111.9,327.9,7,9604,True
90,1376,2442.0,3840.0,18.97,69.7,63.1,203.9,6,10136,True
91,1375,2474.0,3840.0,22.52,78.2,84.4,216.1,6,12679,True
92,1374,2426.0,3820.0,19.41,76.1,94.5,325.0,8,11636,True
93,1373,2458.0,3820.0,23.32,87.1,102.7,359.9,8,12249,True
94,1372,2442.0,3800.0,21.53,82.2,104.4,404.0,9,12549,True
95,1371,2474.0,3800.0,21.67,86.2,81.4,379.9,9,16399,True
96,1370,2426.0,3780.0,20.96,83.5,121.5,660.9,12,16685,True
97,1369,2458.0,3780.0,23.37,103.9,133.6,813.2,12,18153,True
98,1368,2442.0,3760.0,20.65,79.3,113.3,777.2,15,17426,True
99,1367,2474.0,3760.0,24.68,109.5,162.1,1042.0,15,16854,True
100,1366,2426.0,3740.0,20.03,77.6,128.6,772.1,16,16603,True
101,1365,2458.0,3740.0,21.34,141.0,190.6,1103.5,16,17880,True
102,1364,2442.0,3720.0,20.75,74.8,99.8,769.7,16,18016,True
103,1363,2474.0,3720.0,23.48,92.7,147.2,885.6,16,17213,True
104,1362,2426.0,3700.0,20.33,71.8,141.9,569.6,15,15275,True
105,1361,2458.0,3700.0,22.11,78.2,78.8,657.9,15,15646,True
106,1360,2442.0,3680.0,17.76,68.6,90.7,488.1,14,15489,True
107,1359,2474.0,3680.0,18.6,75.9,91.2,518.5,14,16802,True
108,1358,2426.0,3660.0,17.8,67.1,48.2,357.5,12,10317,True
109,1357,2458.0,3660.0,19.69,70.5,60.8,468.6,12,10390,True
110,1356,2442.0,3640.0,18.53,69.0,87.0,480.6,12,9962,True
111,1355,2474.0,3640.0,18.5,72.3,60.2,449.9,12,9555,True
112,1354,2426.0,3620.0,18.02,71.3,100.4,545.2,11,9914,True
113,1353,2458.0,3620.0,20.67,75.5,92.9,537.3,11,9112,True
114,1352,2442.0,3600.0,17.77,67.4,83.8,433.5,11,7072,True
115,1351,2474.0,3600.0,20.72,72.4,95.5,437.1,11,6941,True
116,1350,2426.0,3580.0,18.14,67.2,97.1,433.0,10,6882,True
117,1349,2458.0,3580.0,19.71,67.9,75.3,394.0,10,6275,True
118,1348,2442.0,3560.0,17.32,65.0,127.7,378.0,8,6058,True
119,1347,2474.0,3560.0,19.66,67.5,46.6,281.9,8,5807,True
120,1346,2426.0,3540.0,17.33,65.4,225.4,485.1,9,4618,True
121,1345,2458.0,3540.0,19.28,66.6,80.5,344.3,9,4506,True
122,1344,2442.0,3520.0,17.32,64.8,76.7,356.9,8,4499,True
123,1343,2474.0,3520.0,19.12,66.6,50.8,276.6,8,3450,True
124,1342,2426.0,3500.0,18.24,65.8,110.3,397.9,8,3326,True
125,1341,2458.0,3500.0,20.13,68.2,58.5,337.2,8,7022,True
126,1340,2442.0,3480.0,16.76,78.0,419.5,658.7,7,7874,True
127,1339,2474.0,3480.0,19.42,66.8,52.4,244.7,7,9076,True
128,1338,2426.0,3460.0,17.37,76.7,245.2,525.7,10,9697,True
129,1337,2458.0,3460.0,19.42,69.0,113.5,378.6,10,11824,True
130,1336,2442.0,3440.0,20.88,83.9,199.4,594.7,12,11824,True
131,1335,2474.0,3440.0,19.73,87.5,113.8,447.0,12,13892,True
132,1334,2426.0,3420.0,20.04,79.3,104.9,727.7,12,15300,True
133,1333,2458.0,3420.0,20.02,92.6,105.4,685.5,12,17289,True
134,1332,2442.0,3400.0,20.83,86.5,156.4,902.7,13,17696,True
135,1331,2474.0,3400.0,21.47,98.5,156.1,1066.2,13,18399,True
136,1330,2426.0,3380.0,20.43,87.8,161.9,704.0,14,23851,True
137,1329,2458.0,3380.0,20.43,84.3,115.8,670.9,14,26112,True
138,1328,2442.0,3360.0,21.33,87.9,120.1,585.8,15,22037,True
139,1327,2474.0,3360.0,21.65,148.6,466.5,851.9,15,21141,True
140,1326,2426.0,3340.0,21.3,91.5,135.3,654.3,10,20679,True
141,1325,2458.0,3340.0,21.49,90.4,157.2,601.7,10,20763,True
142,1324,2442.0,3320.0,21.13,93.6,129.4,793.1,12,18608,True
143,1323,2474.0,3320.0,21.56,96.8,153.8,805.4,12,18608,True
144,1322,2426.0,3300.0,20.38,72.6,52.2,416.0,11,16385,True
145,1321,2458.0,3300.0,19.79,70.5,66.0,494.7,11,14814,True
146,1320,2442.0,3280.0,19.94,81.1,147.1,431.1,10,12363,True
147,1319,2474.0,3280.0,19.88,71.6,102.2,396.7,10,12196,True
148,1318,2426.0,3260.0,19.76,71.7,62.0,285.2,7,11681,True
149,1317,2458.0,3260.0,18.57,71.6,91.8,359.8,7,6548,True
150,1316,2442.0,3240.0,20.3,72.8,90.6,399.6,9,4285,True
151,1315,2474.0,3240.0,19.35,77.8,101.8,414.9,9,5153,True
152,1314,2426.0,3220.0,18.44,69.9,100.2,379.6,8,5153,True
153,1313,2458.0,3220.0,18.16,65.4,87.1,346.6,8,3784,True
154,1312,2442.0,3200.0,18.83,70.3,74.1,288.7,7,3074,True
155,1311,2474.0,3200.0,18.54,63.6,53.3,218.4,7,4979,True
156,1310,2426.0,3180.0,18.5,66.9,58.6,286.2,8,4979,True
157,1309,2458.0,3180.0,16.37,55.4,40.1,248.3,8,4979,True
158,1308,2442.0,3160.0,15.16,53.3,27.8,118.9,6,4172,True
159,1307,2474.0,3160.0,14.94,51.3,30.0,112.6,6,7186,True
160,1306,2426.0,3140.0,14.72,50.8,32.9,130.6,6,6946,True
161,1305,2458.0,3140.0,13.36,46.6,30.1,117.8,6,6406,True
162,1304,2442.0,3120.0,13.94,48.6,26.8,97.8,4,8313,True
163,1303,2474.0,3120.0,14.3,49.4,28.5,109.0,4,9356,True
164,1302,2426.0,3100.0,14.65,50.8,31.4,162.6,7,8488,True
165,1301,2458.0,3100.0,13.48,46.8,29.7,153.8,7,8488,True
166,1300,2442.0,3080.0,14.45,50.6,22.9,86.9,5,9174,True
167,1299,2474.0,3080.0,15.39,53.2,28.5,111.5,5,9174,True
168,1298,2426.0,3060.0,15.5,57.1,61.2,181.9,6,6969,True
169,1297,2458.0,3060.0,14.31,49.0,32.1,130.2,6,7506,True
170,1296,2442.0,3040.0,14.52,50.7,23.2,66.5,5,8053,True
171,1295,2474.0,3040.0,15.71,56.1,37.8,121.0,5,8517,True
172,1294,2426.0,3020.0,14.76,52.2,26.8,109.9,7,5503,True
173,1293,2458.0,3020.0,14.62,51.7,30.4,140.2,7,5503,True
174,1292,2442.0,3000.0,14.98,53.2,27.7,83.5,4,6711,True
175,1291,2474.0,3000.0,18.93,71.7,54.8,179.9,4,4485,True
176,1290,2426.0,2980.0,17.34,62.8,52.1,197.3,5,3442,True
177,1289,2458.0,2980.0,17.43,60.8,49.2,171.9,5,3595,True
178,1288,2442.0,2960.0,19.53,74.0,79.1,204.2,5,3597,True
179,1287,2474.0,2960.0,18.82,72.7,48.7,174.9,5,2911,True
180,1286,2426.0,2940.0,19.06,73.7,86.4,163.7,4,2911,True
181,1285,2458.0,2940.0,19.81,69.5,57.6,161.1,4,3569,True
182,1284,2442.0,2920.0,19.09,70.7,56.0,153.5,4,3032,True
183,1283,2474.0,2920.0,19.27,64.8,56.4,161.0,4,2615,True
184,1282,2426.0,2900.0,17.79,67.1,40.0,157.8,5,2151,True
185,1281,2458.0,2900.0,20.26,68.8,47.5,186.6,5,2833,True
186,1280,2442.0,2880.0,19.51,70.0,47.6,233.5,6,2833,True
187,1279,2474.0,2880.0,19.63,67.1,61.0,264.8,6,1744,True
188,1278,2426.0,2860.0,18.29,68.6,44.3,209.4,6,1744,True
189,1277,2458.0,2860.0,19.95,69.9,59.0,251.8,6,2472,True
190,1276,2442.0,2840.0,19.56,71.3,55.4,293.1,8,2922,True
191,1275,2474.0,2840.0,19.99,74.0,75.9,329.9,8,3077,True
192,1274,2426.0,2820.0,18.6,71.3,56.6,283.0,9,3159,True
193,1273,2458.0,2820.0,20.63,75.0,111.4,437.8,9,3159,True
194,1272,2442.0,2800.0,19.99,71.2,59.3,281.9,8,2786,True
195,1271,2474.0,2800.0,20.9,84.9,144.2,503.9,8,2786,True
196,1270,2426.0,2780.0,20.0,69.7,75.2,287.0,8,2656,True
197,1269,2458.0,2780.0,21.91,75.3,88.4,288.3,8,2896,True
198,1268,2442.0,2760.0,19.41,69.7,45.0,222.1,8,2214,True
199,1267,2474.0,2760.0,21.1,75.3,65.4,251.1,8,2488,True
200,1266,2426.0,2740.0,18.31,62.9,52.2,179.5,7,2911,True
201,1265,2458.0,2740.0,21.04,71.2,47.1,227.4,7,2911,True
202,1264,2442.0,2720.0,19.29,69.3,45.0,175.6,5,2183,True
203,1263,2474.0,2720.0,19.81,76.7,115.0,244.0,5,2194,True
204,1262,2426.0,2700.0,19.08,69.5,44.8,162.8,6,2441,True
205,1261,2458.0,2700.0,18.7,62.8,42.1,180.2,6,2359,True
206,1260,2442.0,2680.0,19.78,69.0,53.7,180.0,5,3469,True
207,1259,2474.0,2680.0,19.97,66.7,41.4,142.1,5,4399,True
208,1258,2426.0,2660.0,18.54,67.1,53.2,201.4,6,4399,True
209,1257,2458.0,2660.0,18.01,61.6,44.0,190.1,6,4399,True
210,1256,2442.0,2640.0,16.8,58.8,31.7,132.5,5,4742,True
211,1255,2474.0,2640.0,19.0,62.5,45.5,156.4,5,4742,True
212,1254,2426.0,2620.0,16.72,58.2,31.5,118.8,6,4507,True
213,1253,2458.0,2620.0,16.06,55.3,29.0,117.4,6,3965,True
214,1252,2442.0,2600.0,16.1,57.3,30.0,130.2,5,3965,True
215,1251,2474.0,2600.0,20.06,68.0,53.1,192.6,5,4446,True
216,1250,2426.0,2580.0,16.55,59.3,51.3,181.3,5,3832,True
217,1249,2458.0,2580.0,17.06,65.4,53.8,205.9,5,3428,True
218,1248,2442.0,2560.0,19.18,70.1,48.6,111.2,3,3428,True
219,1247,2474.0,2560.0,18.33,68.3,47.5,110.3,3,3071,True
220,1246,2426.0,2540.0,18.9,68.2,39.5,132.0,5,1856,True
221,1245,2458.0,2540.0,16.72,66.0,54.5,154.5,5,1856,True
222,1244,2442.0,2520.0,17.86,68.0,47.7,103.3,3,1856,True
223,1243,2474.0,2520.0,19.67,65.1,49.4,101.3,3,1832,True
224,1242,2426.0,2500.0,18.28,67.5,35.6,119.8,4,2392,True
225,1241,2458.0,2500.0,18.31,60.8,52.9,160.0,4,2353,True
226,1240,2442.0,2480.0,17.44,59.4,34.7,116.7,4,2353,True
227,1239,2474.0,2480.0,18.79,69.5,35.1,129.5,4,4203,True
228,1238,2426.0,2460.0,17.38,61.2,38.5,156.1,6,3722,True
229,1237,2458.0,2460.0,16.31,61.5,34.3,160.6,6,3722,True
230,1236,2442.0,2440.0,16.06,56.7,25.6,92.3,4,3722,True
231,1235,2474.0,2440.0,20.52,68.7,40.5,136.4,4,5494,True
232,1234,2426.0,2420.0,16.96,60.5,38.7,183.0,6,4741,True
233,1233,2458.0,2420.0,18.08,60.9,34.6,168.2,6,4741,True
234,1232,2442.0,2400.0,16.83,56.5,28.0,126.0,5,4741,True
235,1231,2474.0,2400.0,18.46,62.9,33.9,151.7,5,5864,True
236,1230,2426.0,2380.0,16.99,60.9,38.0,195.4,6,5305,True
237,1229,2458.0,2380.0,18.23,58.7,29.8,160.8,6,4745,True
238,1228,2442.0,2360.0,18.33,63.2,34.2,121.6,4,4745,True
239,1227,2474.0,2360.0,18.75,60.6,31.7,119.8,4,5057,True
240,1226,2426.0,2340.0,15.82,57.4,31.7,135.1,5,3207,True
241,1225,2458.0,2340.0,19.17,65.4,45.8,185.6,5,3692,True
242,1224,2442.0,2320.0,17.02,61.0,35.4,129.0,4,4132,True
243,1223,2474.0,2320.0,21.22,71.2,42.0,154.7,4,4132,True
244,1222,2426.0,2300.0,17.32,59.9,44.3,183.7,6,3039,True
245,1221,2458.0,2300.0,21.43,71.9,62.9,254.0,6,4071,True
246,1220,2442.0,2280.0,18.77,65.5,51.8,227.5,6,4460,True
247,1219,2474.0,2280.0,19.37,78.0,68.9,266.1,6,4524,True
248,1218,2426.0,2260.0,18.41,66.3,71.4,362.6,8,3601,True
249,1217,2458.0,2260.0,22.85,77.7,86.3,423.2,8,4065,True
250,1216,2442.0,2240.0,17.16,71.0,102.2,479.4,9,4800,True
251,1215,2474.0,2240.0,18.96,74.5,81.1,406.7,9,6918,True
252,1214,2426.0,2220.0,16.8,69.5,88.5,561.6,12,6606,True
253,1213,2458.0,2220.0,18.96,72.5,84.5,497.6,12,6606,True
254,1212,2442.0,2200.0,17.43,69.3,104.1,587.6,10,6182,True
255,1211,2474.0,2200.0,19.51,71.8,84.8,448.5,10,6970,True
256,1210,2426.0,2180.0,16.32,70.1,192.4,684.7,11,6973,True
257,1209,2458.0,2180.0,17.22,73.8,83.9,575.8,11,6500,True
258,1208,2442.0,2160.0,17.98,68.1,121.2,432.9,10,5473,True
259,1207,2474.0,2160.0,20.39,72.0,63.5,450.4,10,6257,True
260,1206,2426.0,2140.0,16.75,65.9,84.6,339.6,9,6193,True
261,1205,2458.0,2140.0,17.77,71.6,94.0,453.1,9,6166,True
262,1204,2442.0,2120.0,18.28,68.6,75.7,287.5,6,8730,True
263,1203,2474.0,2120.0,18.11,71.5,115.1,344.7,6,8859,True
264,1202,2426.0,2100.0,17.1,65.0,56.8,272.5,9,6741,True
265,1201,2458.0,2100.0,17.85,72.0,84.3,372.8,9,10712,True
266,1200,2442.0,2080.0,18.11,69.4,73.5,242.9,7,10724,True
267,1199,2474.0,2080.0,20.98,79.2,75.2,302.1,7,12094,True
268,1198,2426.0,2060.0,17.68,62.9,56.5,195.5,7,11742,True
269,1197,2458.0,2060.0,21.21,75.5,110.7,315.8,7,12417,True
270,1196,2442.0,2040.0,17.39,63.9,43.1,214.4,9,12211,True
271,1195,2474.0,2040.0,21.83,107.8,150.8,389.2,9,16973,True
272,1194,2426.0,2020.0,16.05,57.6,29.4,138.1,10,15907,True
273,1193,2458.0,2020.0,18.35,85.5,116.8,321.0,10,16772,True
274,1192,2442.0,2000.0,14.8,55.3,51.5,199.8,9,16713,True
275,1191,2474.0,2000.0,21.23,78.7,119.2,350.8,9,14105,True
276,1190,2426.0,1980.0,17.46,67.5,58.6,278.7,10,13264,True
277,1189,2458.0,1980.0,19.87,96.1,171.2,622.9,10,13264,True
278,1188,2442.0,1960.0,20.34,66.5,75.1,387.0,9,9406,True
279,1187,2474.0,1960.0,20.67,79.5,110.8,615.2,9,9394,True
280,1186,2426.0,1940.0,18.93,63.9,34.7,132.5,6,7963,True
281,1185,2458.0,1940.0,18.34,72.2,114.3,390.9,6,7546,True
282,1184,2442.0,1920.0,17.64,64.1,40.3,136.9,5,6971,True
283,1183,2474.0,1920.0,17.7,67.3,50.2,171.4,5,6971,True
284,1182,2426.0,1900.0,16.03,63.3,31.8,92.4,4,2342,True
285,1181,2458.0,1900.0,17.06,63.1,48.1,108.6,4,3043,True
286,1180,2442.0,1880.0,18.81,63.5,35.6,107.9,4,2202,True
287,1179,2474.0,1880.0,17.76,64.7,47.0,132.3,4,2303,True
288,1178,2426.0,1860.0,19.39,63.6,68.5,147.9,5,1883,True
289,1177,2458.0,1860.0,18.44,66.9,71.5,203.0,5,3944,True
290,1176,2442.0,1840.0,19.14,65.5,40.4,211.7,8,3948,True
291,1175,2474.0,1840.0,18.67,68.2,78.8,331.5,8,3835,True
292,1174,2426.0,1820.0,19.52,65.1,35.1,156.1,7,3835,True
293,1173,2458.0,1820.0,19.0,73.2,106.2,321.9,7,4451,True
294,1172,2442.0,1800.0,18.27,67.5,50.4,250.7,8,11308,True
295,1171,2474.0,1800.0,20.79,82.6,131.7,459.0,8,12955,True
296,1170,2426.0,1780.0,19.12,64.8,47.4,209.6,10,12955,True
297,1169,2458.0,1780.0,19.45,69.5,60.9,281.8,10,16102,True
298,1168,2442.0,1760.0,21.03,75.2,56.8,286.8,10,21366,True
299,1167,2474.0,1760.0,20.71,78.7,86.0,346.0,10,22286,True
300,1166,2426.0,1740.0,24.22,83.1,83.9,385.3,10,22540,True
301,1165,2458.0,1740.0,21.74,84.2,124.4,452.7,10,22911,True
302,1164,2442.0,1720.0,22.22,83.1,101.1,522.2,12,31352,True
303,1163,2474.0,1720.0,21.99,114.7,175.0,622.3,12,31348,True
304,1162,2426.0,1700.0,26.2,86.2,86.7,429.9,12,31742,True
305,1161,2458.0,1700.0,21.48,85.0,150.5,492.9,12,34457,True
306,1160,2442.0,1680.0,21.94,76.1,92.1,379.3,10,33976,True
307,1159,2474.0,1680.0,22.37,83.0,84.7,324.5,10,26660,True
308,1158,2426.0,1660.0,28.72,95.3,100.1,354.8,9,24910,True
309,1157,2458.0,1660.0,22.12,79.2,73.7,269.9,9,24910,True
310,1156,2442.0,1640.0,19.26,73.7,71.5,199.8,6,21659,True
311,1155,2474.0,1640.0,22.14,91.3,118.8,256.8,6,15587,True
312,1154,2426.0,1620.0,21.75,75.0,66.1,109.5,4,14643,True
313,1153,2458.0,1620.0,20.33,71.9,73.3,136.4,4,15161,True
314,1152,2442.0,1600.0,21.47,75.6,70.7,201.7,4,14894,True
315,1151,2474.0,1600.0,19.22,71.0,70.0,198.8,4,8388,True
316,1150,2426.0,1580.0,20.56,71.6,55.7,155.9,4,8388,True
317,1149,2458.0,1580.0,20.52,71.6,64.7,174.9,4,13318,True
318,1148,2442.0,1560.0,21.59,76.0,84.9,267.5,5,10928,True
319,1147,2474.0,1560.0,21.12,78.9,94.5,265.3,5,12889,True
320,1146,2426.0,1540.0,20.11,73.3,65.9,288.5,7,12889,True
321,1145,2458.0,1540.0,22.96,121.8,192.4,531.4,7,12889,True
322,1144,2442.0,1520.0,22.91,101.0,106.3,418.4,7,13687,True
323,1143,2474.0,1520.0,22.47,108.6,119.4,376.7,7,14738,True
324,1142,2426.0,1500.0,21.64,73.7,90.6,266.1,7,14738,True
325,1141,2458.0,1500.0,19.3,82.7,110.5,326.0,7,17662,True
326,1140,2442.0,1480.0,22.33,78.2,91.8,249.1,6,16676,True
327,1139,2474.0,1480.0,20.07,74.6,88.8,284.9,6,16895,True
328,1138,2426.0,1460.0,20.63,75.8,82.5,251.4,6,14007,True
329,1137,2458.0,1460.0,17.94,71.4,103.2,319.7,6,18136,True
330,1136,2442.0,1440.0,23.54,77.6,81.0,278.0,7,14017,True
331,1135,2474.0,1440.0,20.42,93.9,167.5,401.5,7,17321,True
332,1134,2426.0,1420.0,22.65,79.0,70.4,414.1,10,15230,True
333,1133,2458.0,1420.0,19.52,71.3,84.9,442.9,10,15264,True
334,1132,2442.0,1400.0,23.49,101.0,157.7,654.3,8,19309,True
335,1131,2474.0,1400.0,20.41,116.8,222.9,617.4,8,25598,True
336,1130,2426.0,1380.0,20.31,82.4,97.0,578.7,14,24738,True
337,1129,2458.0,1380.0,19.53,98.5,140.9,781.2,14,26185,True
338,1128,2442.0,1360.0,20.66,81.0,78.5,618.0,17,23261,True
339,1127,2474.0,1360.0,20.05,74.0,62.2,494.6,17,26174,True
340,1126,2426.0,1340.0,20.56,94.7,142.2,862.6,17,25851,True
341,1125,2458.0,1340.0,18.63,103.6,150.3,933.5,17,25175,True
342,1124,2442.0,1320.0,18.99,85.6,111.4,879.9,15,21939,True
343,1123,2474.0,1320.0,20.98,89.6,142.5,1040.5,15,20734,True
344,1122,2426.0,1300.0,22.02,75.4,70.0,547.7,16,17490,True
345,1121,2458.0,1300.0,18.83,80.7,105.4,848.2,16,17697,True
346,1120,2442.0,1280.0,18.97,68.7,76.6,501.5,11,18807,True
347,1119,2474.0,1280.0,21.39,86.2,102.1,637.9,11,14762,True
348,1118,2426.0,1260.0,16.43,52.4,45.4,219.5,9,7675,True
349,1117,2458.0,1260.0,20.74,75.8,93.8,433.5,9,8438,True
350,1116,2442.0,1240.0,15.64,58.9,56.8,294.1,8,7266,True
351,1115,2474.0,1240.0,18.48,77.7,134.3,563.0,8,7266,True
352,1114,2426.0,1220.0,14.86,56.7,45.1,230.1,8,4352,True
353,1113,2458.0,1220.0,22.37,75.4,111.1,499.4,8,6151,True
354,1112,2442.0,1200.0,16.95,65.1,75.2,410.8,9,5696,True
355,1111,2474.0,1200.0,21.37,85.7,115.8,611.2,9,5824,True
356,1110,2426.0,1180.0,16.63,57.9,57.6,303.9,9,6502,True
357,1109,2458.0,1180.0,22.06,79.0,97.1,520.2,9,7092,True
358,1108,2442.0,1160.0,20.46,65.9,76.8,452.9,10,6880,True
359,1107,2474.0,1160.0,22.04,86.6,136.0,644.8,10,6299,False
360,1106,2426.0,1140.0,19.54,62.2,71.8,343.2,9,6299,False
361,1105,2458.0,1140.0,20.79,80.8,107.5,638.0,9,8764,False
362,1104,2442.0,1120.0,18.16,70.9,95.2,501.3,10,7903,False
363,1103,2474.0,1120.0,21.78,83.6,116.6,633.4,10,8076,False
364,1102,2426.0,1100.0,18.88,66.3,85.4,457.7,10,8076,False
365,1101,2458.0,1100.0,19.34,78.5,112.9,692.6,10,8608,False
366,1100,2442.0,1080.0,19.31,66.2,91.6,671.8,10,6809,False
367,1099,2474.0,1080.0,21.26,93.1,167.8,954.4,10,7822,False
368,1098,2426.0,1060.0,17.27,66.2,86.4,502.4,9,6801,False
369,1097,2458.0,1060.0,22.64,80.5,118.1,703.4,9,6123,False
370,1096,2442.0,1040.0,16.1,63.9,83.8,381.5,8,9310,False
371,1095,2474.0,1040.0,19.77,71.9,94.1,413.3,8,9310,False
372,1094,2426.0,1020.0,14.7,51.3,43.2,246.7,8,8747,False
373,1093,2458.0,1020.0,17.07,59.5,56.5,334.0,8,8747,False
374,1092,2442.0,1000.0,13.14,47.1,38.9,141.2,6,7746,False
375,1091,2474.0,1000.0,16.59,57.2,49.9,199.0,6,7619,False
376,1090,2426.0,980.0,12.63,45.2,23.9,111.0,6,7171,False
377,1089,2458.0,980.0,15.59,53.5,30.4,152.6,6,7171,False
378,1088,2442.0,960.0,13.3,46.3,23.2,77.3,4,6639,False
379,1087,2474.0,960.0,16.73,58.3,42.9,144.3,4,6639,False
380,1086,2426.0,940.0,13.48,48.0,29.8,82.1,4,5626,False
381,1085,2458.0,940.0,15.08,53.1,39.0,114.6,4,5626,False
382,1084,2442.0,920.0,13.63,49.0,19.4,35.3,2,5626,False
383,1083,2474.0,920.0,18.41,65.4,38.5,76.4,2,1464,False
