channel,x_um,y_um,noise_uv,density,nearest_unit_um,n_units_within_60um,edge_ok,is_quiet,is_hard
0,2426.0,4740.0,20.55,8707,0.0,8,False,False,False
1,2458.0,4740.0,27.06,16068,0.0,8,False,False,False
2,2442.0,4720.0,20.24,16158,25.6,10,False,False,False
3,2474.0,4720.0,25.27,16338,0.0,10,False,False,False
4,2426.0,4700.0,18.06,16338,32.0,11,False,False,False
5,2458.0,4700.0,22.38,17004,0.0,11,False,False,False
6,2442.0,4680.0,17.72,17004,25.6,9,False,False,False
7,2474.0,4680.0,24.73,15876,0.0,9,False,False,False
8,2426.0,4660.0,17.1,13282,32.0,9,False,False,False
9,2458.0,4660.0,20.43,13283,0.0,9,False,False,False
10,2442.0,4640.0,17.94,12552,25.6,6,False,False,False
11,2474.0,4640.0,19.57,13214,0.0,6,False,False,False
12,2426.0,4620.0,17.84,9961,32.0,5,False,False,False
13,2458.0,4620.0,19.13,10012,0.0,5,False,False,False
14,2442.0,4600.0,17.5,2651,25.6,6,False,False,False
15,2474.0,4600.0,19.35,2687,25.6,6,False,False,False
16,2426.0,4580.0,17.56,2507,25.6,5,False,False,False
17,2458.0,4580.0,18.99,2707,0.0,5,False,False,False
18,2442.0,4560.0,17.94,3219,0.0,4,False,False,False
19,2474.0,4560.0,19.49,3403,0.0,4,False,False,False
20,2426.0,4540.0,17.66,2728,25.6,6,False,False,False
21,2458.0,4540.0,19.92,2918,25.6,6,False,False,False
22,2442.0,4520.0,18.1,2917,25.6,6,False,False,False
23,2474.0,4520.0,20.24,3112,0.0,6,False,False,False
24,2426.0,4500.0,16.79,2650,0.0,5,False,False,False
25,2458.0,4500.0,19.46,2878,0.0,5,True,False,False
26,2442.0,4480.0,18.11,2905,25.6,8,True,False,False
27,2474.0,4480.0,19.74,2905,0.0,8,True,False,False
28,2426.0,4460.0,17.63,2823,25.6,8,True,False,False
29,2458.0,4460.0,19.53,3481,0.0,8,True,False,False
30,2442.0,4440.0,17.98,4258,0.0,7,True,False,False
31,2474.0,4440.0,20.02,3080,0.0,7,True,False,False
32,2426.0,4420.0,17.96,3105,0.0,8,True,False,False
33,2458.0,4420.0,20.01,3104,25.6,8,True,False,False
34,2442.0,4400.0,20.95,3934,25.6,8,True,False,False
35,2474.0,4400.0,19.71,5949,0.0,8,True,False,False
36,2426.0,4380.0,20.1,6756,0.0,8,True,False,False
37,2458.0,4380.0,20.0,6556,25.6,8,True,False,False
38,2442.0,4360.0,20.34,6245,0.0,8,True,False,False
39,2474.0,4360.0,19.39,7042,25.6,8,True,False,False
40,2426.0,4340.0,20.5,7042,0.0,11,True,False,False
41,2458.0,4340.0,20.16,7421,0.0,11,True,False,False
42,2442.0,4320.0,20.37,6763,0.0,10,True,False,False
43,2474.0,4320.0,20.2,5851,25.6,10,True,False,False
44,2426.0,4300.0,20.64,6473,0.0,9,True,False,False
45,2458.0,4300.0,19.63,6264,0.0,9,True,False,False
46,2442.0,4280.0,20.51,6264,25.6,8,True,False,False
47,2474.0,4280.0,19.8,5333,0.0,8,True,False,False
48,2426.0,4260.0,20.47,3717,25.6,7,True,False,False
49,2458.0,4260.0,18.43,3398,25.6,7,True,False,False
50,2442.0,4240.0,18.47,3398,0.0,5,True,False,False
51,2474.0,4240.0,19.16,3566,32.0,5,True,False,False
52,2426.0,4220.0,20.26,2591,25.6,5,True,False,False
53,2458.0,4220.0,19.11,3340,25.6,5,True,False,False
54,2442.0,4200.0,19.39,2918,0.0,7,True,False,False
55,2474.0,4200.0,19.76,3443,0.0,7,True,False,False
56,2426.0,4180.0,20.5,3378,25.6,7,True,False,False
57,2458.0,4180.0,20.04,2756,0.0,7,True,False,False
58,2442.0,4160.0,20.04,2995,25.6,7,True,False,False
59,2474.0,4160.0,21.54,3102,0.0,7,True,False,False
60,2426.0,4140.0,19.45,3176,32.0,7,True,False,False
61,2458.0,4140.0,19.8,2777,0.0,7,True,False,False
62,2442.0,4120.0,19.8,2137,25.6,6,True,False,False
63,2474.0,4120.0,20.17,2194,25.6,6,True,False,False
64,2426.0,4100.0,19.23,1910,0.0,4,True,False,False
65,2458.0,4100.0,19.66,3670,0.0,4,True,False,False
66,2442.0,4080.0,18.7,5835,25.6,4,True,False,False
67,2474.0,4080.0,20.97,6924,25.6,4,True,False,False
68,2426.0,4060.0,19.62,6399,40.0,7,True,False,False
69,2458.0,4060.0,22.08,6891,25.6,7,True,False,False
70,2442.0,4040.0,20.4,7733,25.6,7,True,False,False
71,2474.0,4040.0,20.76,7791,0.0,7,True,False,False
72,2426.0,4020.0,19.17,7700,0.0,12,True,False,False
73,2458.0,4020.0,20.71,8022,0.0,12,True,False,False
74,2442.0,4000.0,20.4,8067,25.6,14,True,False,False
75,2474.0,4000.0,20.7,8236,0.0,14,True,False,False
76,2426.0,3980.0,20.19,8180,0.0,13,True,False,False
77,2458.0,3980.0,20.54,8838,0.0,13,True,False,False
78,2442.0,3960.0,19.99,7080,25.6,11,True,False,False
79,2474.0,3960.0,20.27,5210,0.0,11,True,False,False
80,2426.0,3940.0,19.69,4885,32.0,11,True,False,False
81,2458.0,3940.0,21.26,4923,0.0,11,True,False,False
82,2442.0,3920.0,19.19,7178,25.6,7,True,False,False
83,2474.0,3920.0,20.29,6336,0.0,7,True,False,False
84,2426.0,3900.0,20.14,6048,25.6,6,True,False,False
85,2458.0,3900.0,22.42,7292,0.0,6,True,False,False
86,2442.0,3880.0,19.8,7397,0.0,6,True,False,False
87,2474.0,3880.0,21.35,8449,25.6,6,True,False,False
88,2426.0,3860.0,20.57,9605,0.0,7,True,False,False
89,2458.0,3860.0,20.9,9604,25.6,7,True,False,False
90,2442.0,3840.0,19.2,10136,25.6,6,True,False,False
91,2474.0,3840.0,22.62,12679,0.0,6,True,False,False
92,2426.0,3820.0,19.38,11636,0.0,8,True,False,False
93,2458.0,3820.0,23.31,12249,0.0,8,True,False,False
94,2442.0,3800.0,21.5,12549,0.0,9,True,False,False
95,2474.0,3800.0,21.65,16399,25.6,9,True,False,True
96,2426.0,3780.0,21.07,16685,0.0,12,True,False,True
97,2458.0,3780.0,23.69,18153,0.0,12,True,False,True
98,2442.0,3760.0,20.92,17426,25.6,15,True,False,True
99,2474.0,3760.0,24.91,16854,0.0,15,True,False,True
100,2426.0,3740.0,20.01,16603,0.0,16,True,False,False
101,2458.0,3740.0,21.51,17880,0.0,16,True,False,True
102,2442.0,3720.0,20.95,18016,0.0,16,True,False,True
103,2474.0,3720.0,23.45,17213,0.0,16,True,False,True
104,2426.0,3700.0,20.18,15275,0.0,15,True,False,True
105,2458.0,3700.0,22.16,15646,25.6,15,True,False,True
106,2442.0,3680.0,17.8,15489,0.0,14,True,False,False
107,2474.0,3680.0,18.72,16802,0.0,14,True,False,False
108,2426.0,3660.0,17.94,10317,25.6,12,True,False,False
109,2458.0,3660.0,19.74,10390,0.0,12,True,False,False
110,2442.0,3640.0,18.71,9962,0.0,12,True,False,False
111,2474.0,3640.0,18.47,9555,0.0,12,True,False,False
112,2426.0,3620.0,17.97,9914,0.0,11,True,False,False
113,2458.0,3620.0,20.71,9112,0.0,11,True,False,False
114,2442.0,3600.0,17.79,7072,0.0,11,True,False,False
115,2474.0,3600.0,20.75,6941,0.0,11,True,False,False
116,2426.0,3580.0,18.11,6882,0.0,10,True,False,False
117,2458.0,3580.0,19.83,6275,0.0,10,True,False,False
118,2442.0,3560.0,17.26,6058,0.0,8,True,False,False
119,2474.0,3560.0,19.63,5807,25.6,8,True,False,False
120,2426.0,3540.0,17.31,4618,0.0,9,True,False,False
121,2458.0,3540.0,19.51,4506,25.6,9,True,False,False
122,2442.0,3520.0,17.39,4499,0.0,8,True,False,False
123,2474.0,3520.0,19.15,3450,25.6,8,True,False,False
124,2426.0,3500.0,18.32,3326,0.0,8,True,False,False
125,2458.0,3500.0,20.0,7022,0.0,8,True,False,False
126,2442.0,3480.0,16.77,7874,0.0,7,True,False,False
127,2474.0,3480.0,19.39,9076,25.6,7,True,False,False
128,2426.0,3460.0,17.65,9697,0.0,10,True,False,False
129,2458.0,3460.0,19.47,11824,25.6,10,True,False,False
130,2442.0,3440.0,21.18,11824,25.6,12,True,False,False
131,2474.0,3440.0,20.01,13892,0.0,12,True,False,False
132,2426.0,3420.0,20.25,15300,0.0,12,True,False,True
133,2458.0,3420.0,20.12,17289,0.0,12,True,False,True
134,2442.0,3400.0,20.87,17696,0.0,13,True,False,True
135,2474.0,3400.0,21.63,18399,0.0,13,True,False,True
136,2426.0,3380.0,20.36,23851,25.6,14,True,False,True
137,2458.0,3380.0,20.51,26112,0.0,14,True,False,True
138,2442.0,3360.0,21.56,22037,0.0,15,True,False,True
139,2474.0,3360.0,21.66,21141,0.0,15,True,False,True
140,2426.0,3340.0,21.6,20679,0.0,10,True,False,True
141,2458.0,3340.0,21.82,20763,0.0,10,True,False,True
142,2442.0,3320.0,21.19,18608,0.0,12,True,False,True
143,2474.0,3320.0,21.66,18608,0.0,12,True,False,True
144,2426.0,3300.0,20.4,16385,25.6,11,True,False,True
145,2458.0,3300.0,19.81,14814,25.6,11,True,False,False
146,2442.0,3280.0,19.92,12363,0.0,10,True,False,False
147,2474.0,3280.0,20.16,12196,0.0,10,True,False,False
148,2426.0,3260.0,19.6,11681,0.0,7,True,False,False
149,2458.0,3260.0,18.35,6548,25.6,7,True,False,False
150,2442.0,3240.0,20.39,4285,25.6,9,True,False,False
151,2474.0,3240.0,19.28,5153,0.0,9,True,False,False
152,2426.0,3220.0,18.41,5153,25.6,8,True,False,False
153,2458.0,3220.0,18.08,3784,0.0,8,True,False,False
154,2442.0,3200.0,18.89,3074,0.0,7,True,False,False
155,2474.0,3200.0,18.36,4979,0.0,7,True,False,False
156,2426.0,3180.0,18.6,4979,25.6,8,True,False,False
157,2458.0,3180.0,16.31,4979,0.0,8,True,False,False
158,2442.0,3160.0,15.49,4172,25.6,6,True,False,False
159,2474.0,3160.0,14.9,7186,25.6,6,True,False,False
160,2426.0,3140.0,14.77,6946,32.0,6,True,False,False
161,2458.0,3140.0,13.33,6406,0.0,6,True,False,False
162,2442.0,3120.0,13.97,8313,25.6,4,True,False,False
163,2474.0,3120.0,14.37,9356,25.6,4,True,False,False
164,2426.0,3100.0,14.87,8488,32.0,7,True,False,False
165,2458.0,3100.0,13.46,8488,0.0,7,True,False,False
166,2442.0,3080.0,14.5,9174,25.6,5,True,False,False
167,2474.0,3080.0,15.38,9174,25.6,5,True,False,False
168,2426.0,3060.0,15.63,6969,0.0,6,True,False,False
169,2458.0,3060.0,14.39,7506,0.0,6,True,False,False
170,2442.0,3040.0,14.48,8053,25.6,5,True,False,False
171,2474.0,3040.0,15.62,8517,25.6,5,True,False,False
172,2426.0,3020.0,14.59,5503,0.0,7,True,False,False
173,2458.0,3020.0,14.59,5503,25.6,7,True,False,False
174,2442.0,3000.0,14.98,6711,25.6,4,True,False,False
175,2474.0,3000.0,18.82,4485,0.0,4,True,False,False
176,2426.0,2980.0,17.38,3442,0.0,5,True,False,False
177,2458.0,2980.0,17.28,3595,0.0,5,True,False,False
178,2442.0,2960.0,19.64,3597,25.6,5,True,False,False
179,2474.0,2960.0,18.63,2911,25.6,5,True,False,False
180,2426.0,2940.0,19.12,2911,0.0,4,True,False,False
181,2458.0,2940.0,19.77,3569,25.6,4,True,False,False
182,2442.0,2920.0,19.16,3032,25.6,4,True,False,False
183,2474.0,2920.0,19.17,2615,0.0,4,True,False,False
184,2426.0,2900.0,17.67,2151,40.0,5,True,False,False
185,2458.0,2900.0,20.47,2833,25.6,5,True,False,False
186,2442.0,2880.0,19.63,2833,25.6,6,True,False,False
187,2474.0,2880.0,19.82,1744,0.0,6,True,False,False
188,2426.0,2860.0,18.46,1744,32.0,6,True,False,False
189,2458.0,2860.0,20.04,2472,0.0,6,True,False,False
190,2442.0,2840.0,19.6,2922,25.6,8,True,False,False
191,2474.0,2840.0,20.21,3077,0.0,8,True,False,False
192,2426.0,2820.0,18.71,3159,32.0,9,True,False,False
193,2458.0,2820.0,20.92,3159,0.0,9,True,False,False
194,2442.0,2800.0,20.17,2786,25.6,8,True,False,False
195,2474.0,2800.0,20.94,2786,0.0,8,True,False,False
196,2426.0,2780.0,20.09,2656,0.0,8,True,False,False
197,2458.0,2780.0,22.04,2896,0.0,8,True,False,False
198,2442.0,2760.0,19.28,2214,25.6,8,True,False,False
199,2474.0,2760.0,21.2,2488,25.6,8,True,False,False
200,2426.0,2740.0,18.45,2911,0.0,7,True,False,False
201,2458.0,2740.0,21.13,2911,25.6,7,True,False,False
202,2442.0,2720.0,19.28,2183,25.6,5,True,False,False
203,2474.0,2720.0,19.88,2194,0.0,5,True,False,False
204,2426.0,2700.0,19.19,2441,25.6,6,True,False,False
205,2458.0,2700.0,18.7,2359,0.0,6,True,False,False
206,2442.0,2680.0,19.72,3469,0.0,5,True,False,False
207,2474.0,2680.0,19.92,4399,25.6,5,True,False,False
208,2426.0,2660.0,18.33,4399,25.6,6,True,False,False
209,2458.0,2660.0,17.86,4399,0.0,6,True,False,False
210,2442.0,2640.0,16.83,4742,0.0,5,True,False,False
211,2474.0,2640.0,18.94,4742,25.6,5,True,False,False
212,2426.0,2620.0,16.73,4507,0.0,6,True,False,False
213,2458.0,2620.0,16.21,3965,0.0,6,True,False,False
214,2442.0,2600.0,16.02,3965,25.6,5,True,False,False
215,2474.0,2600.0,20.19,4446,25.6,5,True,False,False
216,2426.0,2580.0,16.57,3832,0.0,5,True,False,False
217,2458.0,2580.0,17.21,3428,32.0,5,True,False,False
218,2442.0,2560.0,19.26,3428,25.6,3,True,False,False
219,2474.0,2560.0,18.63,3071,25.6,3,True,False,False
220,2426.0,2540.0,19.03,1856,32.0,5,True,False,False
221,2458.0,2540.0,16.94,1856,0.0,5,True,False,False
222,2442.0,2520.0,17.81,1856,25.6,3,True,False,False
223,2474.0,2520.0,19.53,1832,25.6,3,True,False,False
224,2426.0,2500.0,18.5,2392,32.0,4,True,False,False
225,2458.0,2500.0,18.37,2353,0.0,4,True,False,False
226,2442.0,2480.0,17.63,2353,25.6,4,True,False,False
227,2474.0,2480.0,18.6,4203,25.6,4,True,False,False
228,2426.0,2460.0,17.36,3722,25.6,6,True,False,False
229,2458.0,2460.0,16.29,3722,0.0,6,True,False,False
230,2442.0,2440.0,16.13,3722,0.0,4,True,False,False
231,2474.0,2440.0,20.32,5494,25.6,4,True,False,False
232,2426.0,2420.0,17.15,4741,25.6,6,True,False,False
233,2458.0,2420.0,18.03,4741,0.0,6,True,False,False
234,2442.0,2400.0,16.77,4741,25.6,5,True,False,False
235,2474.0,2400.0,18.39,5864,25.6,5,True,False,False
236,2426.0,2380.0,16.91,5305,32.0,6,True,False,False
237,2458.0,2380.0,18.26,4745,0.0,6,True,False,False
238,2442.0,2360.0,18.22,4745,25.6,4,True,False,False
239,2474.0,2360.0,18.68,5057,25.6,4,True,False,False
240,2426.0,2340.0,15.78,3207,32.0,5,True,False,False
241,2458.0,2340.0,19.28,3692,0.0,5,True,False,False
242,2442.0,2320.0,17.03,4132,25.6,4,True,False,False
243,2474.0,2320.0,21.28,4132,25.6,4,True,False,False
244,2426.0,2300.0,17.39,3039,32.0,6,True,False,False
245,2458.0,2300.0,21.38,4071,0.0,6,True,False,False
246,2442.0,2280.0,18.7,4460,25.6,6,True,False,False
247,2474.0,2280.0,19.58,4524,0.0,6,True,False,False
248,2426.0,2260.0,18.33,3601,0.0,8,True,False,False
249,2458.0,2260.0,22.71,4065,25.6,8,True,False,False
250,2442.0,2240.0,17.2,4800,0.0,9,True,False,False
251,2474.0,2240.0,19.11,6918,0.0,9,True,False,False
252,2426.0,2220.0,16.88,6606,0.0,12,True,False,False
253,2458.0,2220.0,18.96,6606,25.6,12,True,False,False
254,2442.0,2200.0,17.31,6182,0.0,10,True,False,False
255,2474.0,2200.0,19.42,6970,0.0,10,True,False,False
256,2426.0,2180.0,16.52,6973,0.0,11,True,False,False
257,2458.0,2180.0,17.27,6500,0.0,11,True,False,False
258,2442.0,2160.0,18.08,5473,25.6,10,True,False,False
259,2474.0,2160.0,20.35,6257,25.6,10,True,False,False
260,2426.0,2140.0,16.82,6193,32.0,9,True,False,False
261,2458.0,2140.0,17.81,6166,0.0,9,True,False,False
262,2442.0,2120.0,18.46,8730,25.6,6,True,False,False
263,2474.0,2120.0,18.03,8859,0.0,6,True,False,False
264,2426.0,2100.0,17.12,6741,32.0,9,True,False,False
265,2458.0,2100.0,18.07,10712,0.0,9,True,False,False
266,2442.0,2080.0,18.01,10724,25.6,7,True,False,False
267,2474.0,2080.0,21.11,12094,0.0,7,True,False,False
268,2426.0,2060.0,17.65,11742,0.0,7,True,False,False
269,2458.0,2060.0,21.15,12417,0.0,7,True,False,False
270,2442.0,2040.0,17.47,12211,25.6,9,True,False,False
271,2474.0,2040.0,22.0,16973,0.0,9,True,False,True
272,2426.0,2020.0,16.17,15907,25.6,10,True,False,False
273,2458.0,2020.0,18.36,16772,0.0,10,True,False,False
274,2442.0,2000.0,14.64,16713,0.0,9,True,False,False
275,2474.0,2000.0,21.26,14105,0.0,9,True,False,True
276,2426.0,1980.0,17.4,13264,25.6,10,True,False,False
277,2458.0,1980.0,19.92,13264,0.0,10,True,False,False
278,2442.0,1960.0,20.42,9406,25.6,9,True,False,False
279,2474.0,1960.0,20.96,9394,0.0,9,True,False,False
280,2426.0,1940.0,18.84,7963,32.0,6,True,False,False
281,2458.0,1940.0,18.49,7546,0.0,6,True,False,False
282,2442.0,1920.0,17.74,6971,25.6,5,True,False,False
283,2474.0,1920.0,17.67,6971,25.6,5,True,False,False
284,2426.0,1900.0,15.92,2342,40.0,4,True,False,False
285,2458.0,1900.0,17.1,3043,25.6,4,True,False,False
286,2442.0,1880.0,18.85,2202,25.6,4,True,False,False
287,2474.0,1880.0,17.75,2303,0.0,4,True,False,False
288,2426.0,1860.0,19.38,1883,0.0,5,True,False,False
289,2458.0,1860.0,18.28,3944,25.6,5,True,False,False
290,2442.0,1840.0,19.17,3948,25.6,8,True,False,False
291,2474.0,1840.0,18.7,3835,0.0,8,True,False,False
292,2426.0,1820.0,19.62,3835,32.0,7,True,False,False
293,2458.0,1820.0,19.09,4451,0.0,7,True,False,False
294,2442.0,1800.0,18.25,11308,25.6,8,True,False,False
295,2474.0,1800.0,20.69,12955,0.0,8,True,False,True
296,2426.0,1780.0,19.22,12955,40.0,10,True,False,False
297,2458.0,1780.0,19.59,16102,25.6,10,True,False,False
298,2442.0,1760.0,20.97,21366,25.6,10,True,False,True
299,2474.0,1760.0,20.58,22286,0.0,10,True,False,True
300,2426.0,1740.0,24.58,22540,0.0,10,True,False,True
301,2458.0,1740.0,21.86,22911,0.0,10,True,False,True
302,2442.0,1720.0,22.35,31352,25.6,12,True,False,True
303,2474.0,1720.0,21.81,31348,0.0,12,True,False,True
304,2426.0,1700.0,26.02,31742,0.0,12,True,False,True
305,2458.0,1700.0,21.27,34457,0.0,12,True,False,True
306,2442.0,1680.0,21.93,33976,0.0,10,True,False,True
307,2474.0,1680.0,22.7,26660,0.0,10,True,False,True
308,2426.0,1660.0,28.7,24910,0.0,9,True,False,True
309,2458.0,1660.0,22.19,24910,25.6,9,True,False,True
310,2442.0,1640.0,19.54,21659,0.0,6,True,False,False
311,2474.0,1640.0,22.17,15587,0.0,6,True,False,True
312,2426.0,1620.0,21.59,14643,25.6,4,True,False,True
313,2458.0,1620.0,20.26,15161,25.6,4,True,False,True
314,2442.0,1600.0,21.45,14894,40.0,4,True,False,False
315,2474.0,1600.0,18.98,8388,40.0,4,True,False,False
316,2426.0,1580.0,20.74,8388,51.2,4,True,False,False
317,2458.0,1580.0,20.48,13318,25.6,4,True,False,True
318,2442.0,1560.0,21.57,10928,25.6,5,True,False,False
319,2474.0,1560.0,21.13,12889,0.0,5,True,False,True
320,2426.0,1540.0,20.33,12889,32.0,7,True,False,False
321,2458.0,1540.0,22.88,12889,0.0,7,True,False,True
322,2442.0,1520.0,22.99,13687,25.6,7,True,False,True
323,2474.0,1520.0,22.53,14738,0.0,7,True,False,True
324,2426.0,1500.0,21.7,14738,0.0,7,True,False,True
325,2458.0,1500.0,19.3,17662,0.0,7,True,False,False
326,2442.0,1480.0,22.36,16676,25.6,6,True,False,True
327,2474.0,1480.0,20.11,16895,25.6,6,True,False,True
328,2426.0,1460.0,20.61,14007,0.0,6,True,False,True
329,2458.0,1460.0,18.07,18136,0.0,6,True,False,False
330,2442.0,1440.0,23.62,14017,25.6,7,True,False,True
331,2474.0,1440.0,20.26,17321,0.0,7,True,False,True
332,2426.0,1420.0,22.73,15230,25.6,10,True,False,True
333,2458.0,1420.0,19.73,15264,0.0,10,True,False,False
334,2442.0,1400.0,23.38,19309,0.0,8,True,False,True
335,2474.0,1400.0,20.45,25598,0.0,8,True,False,True
336,2426.0,1380.0,20.45,24738,0.0,14,True,False,True
337,2458.0,1380.0,19.42,26185,0.0,14,True,False,False
338,2442.0,1360.0,20.93,23261,25.6,17,True,False,True
339,2474.0,1360.0,20.3,26174,25.6,17,True,False,True
340,2426.0,1340.0,20.7,25851,0.0,17,True,False,True
341,2458.0,1340.0,18.59,25175,0.0,17,True,False,False
342,2442.0,1320.0,19.25,21939,0.0,15,True,False,False
343,2474.0,1320.0,21.19,20734,0.0,15,True,False,True
344,2426.0,1300.0,21.7,17490,25.6,16,True,False,True
345,2458.0,1300.0,19.08,17697,0.0,16,True,False,False
346,2442.0,1280.0,19.31,18807,25.6,11,True,False,False
347,2474.0,1280.0,21.65,14762,0.0,11,True,False,True
348,2426.0,1260.0,16.56,7675,0.0,9,True,False,False
349,2458.0,1260.0,20.66,8438,25.6,9,True,False,False
350,2442.0,1240.0,15.55,7266,0.0,8,True,False,False
351,2474.0,1240.0,18.52,7266,0.0,8,True,False,False
352,2426.0,1220.0,14.91,4352,0.0,8,True,False,False
353,2458.0,1220.0,22.3,6151,25.6,8,True,False,False
354,2442.0,1200.0,16.86,5696,25.6,9,True,False,False
355,2474.0,1200.0,21.42,5824,0.0,9,True,False,False
356,2426.0,1180.0,16.61,6502,0.0,9,True,False,False
357,2458.0,1180.0,21.92,7092,25.6,9,True,False,False
358,2442.0,1160.0,20.5,6880,25.6,10,True,False,False
359,2474.0,1160.0,22.23,6299,0.0,10,False,False,False
360,2426.0,1140.0,19.55,6299,25.6,9,False,False,False
361,2458.0,1140.0,20.82,8764,0.0,9,False,False,False
362,2442.0,1120.0,18.36,7903,0.0,10,False,False,False
363,2474.0,1120.0,21.6,8076,0.0,10,False,False,False
364,2426.0,1100.0,18.96,8076,25.6,10,False,False,False
365,2458.0,1100.0,19.42,8608,0.0,10,False,False,False
366,2442.0,1080.0,19.49,6809,25.6,10,False,False,False
367,2474.0,1080.0,21.5,7822,0.0,10,False,False,False
368,2426.0,1060.0,17.21,6801,0.0,9,False,False,False
369,2458.0,1060.0,22.78,6123,0.0,9,False,False,False
370,2442.0,1040.0,16.16,9310,25.6,8,False,False,False
371,2474.0,1040.0,19.86,9310,0.0,8,False,False,False
372,2426.0,1020.0,14.67,8747,32.0,8,False,False,False
373,2458.0,1020.0,16.96,8747,0.0,8,False,False,False
374,2442.0,1000.0,13.09,7746,25.6,6,False,False,False
375,2474.0,1000.0,16.57,7619,25.6,6,False,False,False
376,2426.0,980.0,12.63,7171,0.0,6,False,False,False
377,2458.0,980.0,15.47,7171,32.0,6,False,False,False
378,2442.0,960.0,13.28,6639,25.6,4,False,False,False
379,2474.0,960.0,16.77,6639,52.0,4,False,False,False
380,2426.0,940.0,13.49,5626,0.0,4,False,False,False
381,2458.0,940.0,15.15,5626,32.0,4,False,False,False
382,2442.0,920.0,13.7,5626,25.6,2,False,False,False
383,2474.0,920.0,18.24,1464,52.0,2,False,False,False
