unit,peak_ch,contam_pct,n_spikes,ptp_uv,trough_uv,half_width_ms,n_chans_25pct,footprint_um,n_snippets,flag,clean
460,6,0.0,1236,228.3,-57.9,0.567,8,51.2,250,,True
452,13,4.1,1209,185.4,-48.1,0.633,9,51.2,250,,True
439,19,0.0,12877,287.9,-76.3,0.6,8,52.0,250,,True
437,24,0.0,2465,432.8,-97.1,0.567,4,32.0,250,,True
428,30,0.0,12931,210.0,-51.9,0.6,9,51.2,250,,True
418,36,0.0,4015,285.6,-65.7,0.633,5,40.0,250,,True
412,42,0.0,4870,279.6,-71.5,0.633,6,32.0,250,,True
402,49,1.2,7271,240.1,-57.1,0.6,9,62.1,250,,True
395,54,0.7,31659,145.0,-39.7,0.633,10,51.2,250,,True
379,65,0.0,760,304.4,-71.7,0.633,7,40.0,250,,True
371,72,4.0,269242,123.1,-41.1,0.233,8,76.8,250,,True
364,79,0.0,13110,280.9,-79.4,0.6,8,52.0,250,,True
345,87,0.0,4197,174.2,-45.5,0.633,9,52.0,250,,True
331,94,8.9,144473,109.1,-24.9,0.1,6,32.0,250,,True
319,99,5.1,76569,148.7,-92.3,0.1,5,52.0,250,,True
307,100,4.8,11569,116.4,-30.0,0.6,10,76.8,250,,True
297,105,0.0,2385,228.4,-64.3,0.4,6,32.0,250,,True
285,113,2.7,143082,83.1,-64.1,0.167,8,51.2,250,,True
278,116,0.0,3595,172.9,-47.3,0.567,6,51.2,250,,True
270,126,0.6,61867,345.0,-186.9,0.133,5,62.1,250,,True
243,141,3.1,74417,159.9,-69.6,0.2,7,40.0,250,,True
163,248,0.9,76178,106.8,-39.4,0.233,4,52.0,250,,True
158,254,0.0,3669,146.0,-33.3,0.6,8,51.2,250,,True
147,260,0.0,1651,193.1,-48.2,0.567,6,52.0,250,,True
121,277,2.9,240638,103.6,-68.9,0.267,4,25.6,250,,True
87,301,7.3,158737,131.5,-102.3,0.1,6,32.0,250,,True
85,305,0.0,11822,155.8,-122.8,0.133,5,32.0,250,,True
64,325,9.9,169869,111.6,-89.3,0.1,6,32.0,250,,True
55,334,1.6,54955,155.7,-43.7,0.267,6,32.0,250,,True
38,341,2.5,417223,156.7,-106.8,0.1,4,32.0,250,,True
35,345,1.0,271531,120.2,-95.8,0.1,6,32.0,250,,True
23,359,4.7,124842,128.0,-69.7,0.133,4,32.0,250,,True
10,367,0.9,222144,166.8,-103.3,0.1,3,32.0,250,,True
