t_start,t_mid,choice_auc,choice_p,choice_chance95,dv_r2,dv_p,dv_chance95,auc_weak,auc_medium,auc_strong
-0.15,-0.09999999999999999,0.550239382367042,0.0891089108910891,0.5632692369687051,-0.017484778726372507,0.6831683168316832,-0.003362718874421989,0.5635984848484848,0.5239701361440492,0.537077497665733
-0.125,-0.075,0.5523169501892906,0.0594059405940594,0.5519955921737837,-0.018618475063534718,0.7029702970297029,-0.003731327757017258,0.5317496392496392,0.5352657004830919,0.5431652661064427
-0.1,-0.05,0.5368705467109722,0.13861386138613863,0.5554210868918316,-0.015253206041957427,0.6534653465346535,-0.0020199892824276883,0.5616919191919192,0.5320597277119017,0.48066293183940245
-0.07500000000000001,-0.02500000000000001,0.5551654433037412,0.1188118811881188,0.5633754711600457,-0.005368891789820674,0.16831683168316833,-0.0019267115839194215,0.5977615440115439,0.4777777777777777,0.5036134453781513
-0.05000000000000002,-1.3877787807814457e-17,0.6045788903767627,0.009900990099009901,0.5612389153399792,-0.004314413015591693,0.0891089108910891,-0.0038811328096675095,0.6102723665223665,0.5428985507246377,0.5052661064425771
-0.025000000000000022,0.02499999999999998,0.5810192762320422,0.0297029702970297,0.5518567177503347,-0.009487756644814419,0.37623762376237624,-0.0016325832487130234,0.5748953823953824,0.6073781291172595,0.5367600373482727
-2.7755575615628914e-17,0.049999999999999975,0.5791910099356908,0.009900990099009901,0.5523267122947974,-0.008356365827860856,0.33663366336633666,-0.0008493041150145425,0.5863690476190476,0.6114888010540184,0.5679645191409898
0.024999999999999967,0.07499999999999997,0.675871935393212,0.009900990099009901,0.5679697217675941,0.023011709964132526,0.009900990099009901,-0.001516272588890021,0.608248556998557,0.6063241106719369,0.6475350140056023
0.04999999999999996,0.09999999999999996,0.7063285060093571,0.009900990099009901,0.547485728810197,0.043824587628142835,0.009900990099009901,-0.00350816290082656,0.675921717171717,0.557066315327185,0.704313725490196
0.07499999999999996,0.12499999999999996,0.7380155069516771,0.009900990099009901,0.5531554890145315,0.10416095096407413,0.009900990099009901,-0.002602908782014964,0.6341973304473305,0.6638735177865612,0.7724183006535948
0.09999999999999995,0.14999999999999997,0.7722337119145631,0.009900990099009901,0.5473584969994544,0.13374506387797933,0.009900990099009901,-0.0031961007111486303,0.6340746753246754,0.7190865173473869,0.7985527544351075
0.12499999999999992,0.17499999999999993,0.7700459174395343,0.009900990099009901,0.5420101671378267,0.1801131826511623,0.009900990099009901,-0.0024526416936843935,0.6530140692640692,0.7216952129995607,0.8004761904761905
0.14999999999999994,0.19999999999999996,0.7988993453355157,0.009900990099009901,0.5600120517780092,0.22708658138366256,0.009900990099009901,-0.0026197432150819114,0.6685624098124099,0.7900395256916996,0.8999719887955182
0.17499999999999996,0.22499999999999998,0.8192326290730545,0.009900990099009901,0.5500410715171353,0.25305060137946095,0.009900990099009901,-0.0031916159333699083,0.714316378066378,0.7971717171717172,0.8813538748832865
0.19999999999999993,0.24999999999999994,0.8348068243812925,0.009900990099009901,0.5610161992263055,0.2790757346929736,0.009900990099009901,-0.003439805885765533,0.7091594516594517,0.7833201581027668,0.8819887955182072
0.2249999999999999,0.2749999999999999,0.8937839111243365,0.009900990099009901,0.548082781580122,0.3441103148627562,0.009900990099009901,-0.0019127918951291514,0.7538636363636364,0.8412121212121212,0.9045845004668535
0.24999999999999992,0.29999999999999993,0.8978991221544413,0.009900990099009901,0.5615927875316173,0.36661187573485315,0.009900990099009901,-0.0011777646972703797,0.7740277777777779,0.8675713658322355,0.9115406162464986
0.2749999999999999,0.3249999999999999,0.9302293392187009,0.009900990099009901,0.5536699461885631,0.39306956507450325,0.009900990099009901,-0.0013361435430998838,0.800950577200577,0.9237505489679402,0.9479551820728291
0.29999999999999993,0.3499999999999999,0.9394059663740514,0.009900990099009901,0.5523462282398452,0.418945873652183,0.009900990099009901,-0.0023348892263493188,0.8574531024531025,0.943399209486166,0.9636321195144725
0.32499999999999984,0.37499999999999983,0.9583006414389392,0.009900990099009901,0.565769323761345,0.4483327319770061,0.009900990099009901,-0.0024553701966579587,0.8982738095238095,0.9550548967940272,0.9785901027077498
0.34999999999999987,0.39999999999999986,0.9807858040304849,0.009900990099009901,0.563108509398403,0.47142602078287227,0.009900990099009901,-0.0035097233900819717,0.9310299422799423,0.9758190601668861,0.9840709617180207
0.3749999999999999,0.4249999999999999,0.9792069632495165,0.009900990099009901,0.5677860437434905,0.47591608479246333,0.009900990099009901,-0.0017802555026472289,0.9323556998556999,0.9840931049626702,0.9839775910364147
0.3999999999999998,0.4499999999999998,0.9836538874836745,0.009900990099009901,0.5516366054158607,0.5016648310803854,0.009900990099009901,-0.0018740339151381857,0.9529365079365079,0.9883794466403163,0.9869747899159664
0.4249999999999998,0.4749999999999998,0.9847031278414257,0.009900990099009901,0.5583193163219757,0.49292468920900095,0.009900990099009901,-0.0015123478295252961,0.9741847041847042,0.9867808519982434,0.9917460317460317
0.44999999999999984,0.49999999999999983,0.9881668981137066,0.009900990099009901,0.5652596339830382,0.49738685217583806,0.009900990099009901,-0.002490279858309216,0.9759992784992786,0.9828019323671499,0.9953127917833801
0.47499999999999987,0.5249999999999999,0.99133648266627,0.009900990099009901,0.5860479901304368,0.44912011772207383,0.009900990099009901,-0.004161888713321783,0.9788654401154401,0.9892841458058849,0.9945845004668534
0.4999999999999999,0.5499999999999999,0.9929647539222008,0.009900990099009901,0.549803309279373,0.46920252914899246,0.009900990099009901,-0.0033970228378567917,0.9811237373737374,0.9919631093544137,0.9975723622782446
