unit,tier,pair_id,peak_ch,ptp_uv,trough_uv,contam_pct,n_chans_above_25pct,footprint_spread_um
413,easy,-1,40,226.8,-60.4,0.0,7,52.0
440,easy,-1,23,200.9,-50.0,3.5,9,52.0
461,easy,-1,5,115.4,-90.6,5.2,6,32.0
328,noisy_channel,-1,92,93.8,-28.0,3.5,10,52.0
371,noisy_channel,-1,72,123.1,-41.1,4.0,8,76.8
390,noisy_channel,-1,57,200.8,-54.2,0.0,10,51.2
244,collision,-1,142,106.0,-59.3,4.7,8,51.2
270,collision,-1,126,345.0,-186.9,0.6,5,62.1
292,collision,-1,108,203.8,-52.8,0.0,5,40.0
186,pair,0,218,97.2,-50.6,2.6,6,40.0
205,pair,0,193,115.6,-34.5,1.6,6,32.0
134,pair,1,268,294.7,-244.7,0.0,2,25.6
163,pair,1,248,106.8,-39.4,0.9,4,52.0
