config,unit,tier,pair_id,n_true,matched_cluster,n_matched,recall,precision,n_fragments,recall_close,recall_far,n_total_clusters
vanilla,134,pair,1,271,135,270,0.9963,0.9677,4,,,203
vanilla,163,pair,1,267,134,27,0.1011,0.0202,2,,,203
vanilla,186,pair,0,261,104,65,0.249,0.0318,2,,,203
vanilla,205,pair,0,265,106,247,0.9321,0.8606,3,,,203
vanilla,244,collision,-1,261,75,166,0.636,0.2044,4,0.5922,0.6646,203
vanilla,270,collision,-1,248,189,246,0.9919,0.7935,3,0.9806,1.0,203
vanilla,292,collision,-1,253,174,252,0.996,0.7683,4,0.9907,1.0,203
vanilla,328,noisy_channel,-1,265,42,189,0.7132,0.4191,2,,,203
vanilla,371,noisy_channel,-1,268,118,188,0.7015,0.1911,1,,,203
vanilla,390,noisy_channel,-1,275,23,274,0.9964,0.1986,3,,,203
vanilla,413,easy,-1,274,53,274,1.0,0.3041,1,,,203
vanilla,440,easy,-1,273,85,273,1.0,0.449,1,,,203
vanilla,461,easy,-1,268,94,212,0.791,0.8618,2,,,203
vanilla_repeat,134,pair,1,271,135,270,0.9963,0.9677,4,,,203
vanilla_repeat,163,pair,1,267,134,27,0.1011,0.0202,2,,,203
vanilla_repeat,186,pair,0,261,104,65,0.249,0.0318,2,,,203
vanilla_repeat,205,pair,0,265,106,247,0.9321,0.8606,3,,,203
vanilla_repeat,244,collision,-1,261,75,166,0.636,0.2044,4,0.5922,0.6646,203
vanilla_repeat,270,collision,-1,248,189,246,0.9919,0.7935,3,0.9806,1.0,203
vanilla_repeat,292,collision,-1,253,174,252,0.996,0.7683,4,0.9907,1.0,203
vanilla_repeat,328,noisy_channel,-1,265,42,189,0.7132,0.4191,2,,,203
vanilla_repeat,371,noisy_channel,-1,268,118,188,0.7015,0.1911,1,,,203
vanilla_repeat,390,noisy_channel,-1,275,23,274,0.9964,0.1986,3,,,203
vanilla_repeat,413,easy,-1,274,53,274,1.0,0.3041,1,,,203
vanilla_repeat,440,easy,-1,273,85,273,1.0,0.449,1,,,203
vanilla_repeat,461,easy,-1,268,94,212,0.791,0.8618,2,,,203
subsample_align,134,pair,1,271,134,269,0.9926,0.989,4,,,200
subsample_align,163,pair,1,267,135,30,0.1124,0.0225,2,,,200
subsample_align,186,pair,0,261,103,57,0.2184,0.0404,3,,,200
subsample_align,205,pair,0,265,105,113,0.4264,0.0905,2,,,200
subsample_align,244,collision,-1,261,76,161,0.6169,0.2028,3,0.5728,0.6456,200
subsample_align,270,collision,-1,248,185,242,0.9758,1.0,3,0.9612,0.9862,200
subsample_align,292,collision,-1,253,172,251,0.9921,0.7699,5,0.9815,1.0,200
subsample_align,328,noisy_channel,-1,265,38,191,0.7208,0.4331,2,,,200
subsample_align,371,noisy_channel,-1,268,121,189,0.7052,0.1855,1,,,200
subsample_align,390,noisy_channel,-1,275,21,151,0.5491,0.1172,4,,,200
subsample_align,413,easy,-1,274,51,274,1.0,0.3079,2,,,200
subsample_align,440,easy,-1,273,85,273,1.0,0.4368,1,,,200
subsample_align,461,easy,-1,268,94,198,0.7388,0.8839,2,,,200
amplitude_normalize,134,pair,1,271,137,271,1.0,1.0,4,,,203
amplitude_normalize,163,pair,1,267,139,24,0.0899,0.0382,2,,,203
amplitude_normalize,186,pair,0,261,101,58,0.2222,0.0402,3,,,203
amplitude_normalize,205,pair,0,265,104,107,0.4038,0.0849,2,,,203
amplitude_normalize,244,collision,-1,261,71,137,0.5249,0.1741,3,0.5146,0.5316,203
amplitude_normalize,270,collision,-1,248,190,247,0.996,0.4557,2,0.9903,1.0,203
amplitude_normalize,292,collision,-1,253,176,252,0.996,0.6961,5,0.9907,1.0,203
amplitude_normalize,328,noisy_channel,-1,265,39,195,0.7358,0.3659,2,,,203
amplitude_normalize,371,noisy_channel,-1,268,117,174,0.6493,0.2099,2,,,203
amplitude_normalize,390,noisy_channel,-1,275,22,273,0.9927,0.1967,3,,,203
amplitude_normalize,413,easy,-1,274,51,274,1.0,0.3079,1,,,203
amplitude_normalize,440,easy,-1,273,81,273,1.0,0.4361,1,,,203
amplitude_normalize,461,easy,-1,268,90,90,0.3358,0.687,2,,,203
align_and_amp_norm,134,pair,1,271,128,269,0.9926,0.9676,5,,,196
align_and_amp_norm,163,pair,1,267,130,25,0.0936,0.0397,2,,,196
align_and_amp_norm,186,pair,0,261,95,57,0.2184,0.0406,3,,,196
align_and_amp_norm,205,pair,0,265,98,110,0.4151,0.0855,2,,,196
align_and_amp_norm,244,collision,-1,261,69,128,0.4904,0.1773,3,0.466,0.5063,196
align_and_amp_norm,270,collision,-1,248,180,247,0.996,0.4499,2,0.9903,1.0,196
align_and_amp_norm,292,collision,-1,253,167,252,0.996,0.7,5,0.9907,1.0,196
align_and_amp_norm,328,noisy_channel,-1,265,36,17,0.0642,0.0091,3,,,196
align_and_amp_norm,371,noisy_channel,-1,268,110,177,0.6604,0.1867,1,,,196
align_and_amp_norm,390,noisy_channel,-1,275,19,275,1.0,0.1964,3,,,196
align_and_amp_norm,413,easy,-1,274,48,274,1.0,0.3075,1,,,196
align_and_amp_norm,440,easy,-1,273,77,273,1.0,0.4333,1,,,196
align_and_amp_norm,461,easy,-1,268,86,68,0.2537,0.6476,2,,,196
