config,replicate,pair_id,units,clusters,merged
vanilla,0,0,"[437, 460]","[96, 97]",False
vanilla,0,1,"[428, 452]","[89, 90]",False
vanilla,1,0,"[285, 331]","[100, 100]",True
vanilla,1,1,"[278, 319]","[84, 83]",False
vanilla,2,0,"[64, 85]","[129, 131]",False
vanilla,2,1,"[23, 55]","[98, 100]",False
vanilla,3,0,"[379, 412]","[88, 91]",False
vanilla,3,1,"[371, 402]","[143, 141]",False
vanilla_repeat,0,0,"[437, 460]","[96, 97]",False
vanilla_repeat,0,1,"[428, 452]","[89, 90]",False
vanilla_repeat,1,0,"[285, 331]","[100, 100]",True
vanilla_repeat,1,1,"[278, 319]","[84, 83]",False
vanilla_repeat,2,0,"[64, 85]","[129, 131]",False
vanilla_repeat,2,1,"[23, 55]","[98, 100]",False
vanilla_repeat,3,0,"[379, 412]","[89, 92]",False
vanilla_repeat,3,1,"[371, 402]","[144, 142]",False
subsample_align,0,0,"[437, 460]","[93, 96]",False
subsample_align,0,1,"[428, 452]","[87, 88]",False
subsample_align,1,0,"[285, 331]","[99, 101]",False
subsample_align,1,1,"[278, 319]","[83, 84]",False
subsample_align,2,0,"[64, 85]","[132, 134]",False
subsample_align,2,1,"[23, 55]","[97, 99]",False
subsample_align,3,0,"[379, 412]","[87, 89]",False
subsample_align,3,1,"[371, 402]","[139, 138]",False
amplitude_normalize,0,0,"[437, 460]","[98, 102]",False
amplitude_normalize,0,1,"[428, 452]","[92, 93]",False
amplitude_normalize,1,0,"[285, 331]","[97, 98]",False
amplitude_normalize,1,1,"[278, 319]","[84, 85]",False
amplitude_normalize,2,0,"[64, 85]","[123, 125]",False
amplitude_normalize,2,1,"[23, 55]","[95, 96]",False
amplitude_normalize,3,0,"[379, 412]","[92, 94]",False
amplitude_normalize,3,1,"[371, 402]","[142, 141]",False
align_and_amp_norm,0,0,"[437, 460]","[95, 98]",False
align_and_amp_norm,0,1,"[428, 452]","[88, 91]",False
align_and_amp_norm,1,0,"[285, 331]","[93, 94]",False
align_and_amp_norm,1,1,"[278, 319]","[82, 80]",False
align_and_amp_norm,2,0,"[64, 85]","[123, 128]",False
align_and_amp_norm,2,1,"[23, 55]","[97, 98]",False
align_and_amp_norm,3,0,"[379, 412]","[86, 88]",False
align_and_amp_norm,3,1,"[371, 402]","[135, 136]",False
coarse_then_align,0,0,"[437, 460]","[83, 86]",False
coarse_then_align,0,1,"[428, 452]","[78, 79]",False
coarse_then_align,1,0,"[285, 331]","[87, 88]",False
coarse_then_align,1,1,"[278, 319]","[77, 78]",False
coarse_then_align,2,0,"[64, 85]","[116, 120]",False
coarse_then_align,2,1,"[23, 55]","[90, 91]",False
coarse_then_align,3,0,"[379, 412]","[88, 89]",False
coarse_then_align,3,1,"[371, 402]","[128, 129]",False
coarse_align_amp_norm,0,0,"[437, 460]","[89, 92]",False
coarse_align_amp_norm,0,1,"[428, 452]","[83, 85]",False
coarse_align_amp_norm,1,0,"[285, 331]","[88, 88]",True
coarse_align_amp_norm,1,1,"[278, 319]","[79, 80]",False
coarse_align_amp_norm,2,0,"[64, 85]","[113, 114]",False
coarse_align_amp_norm,2,1,"[23, 55]","[89, 90]",False
coarse_align_amp_norm,3,0,"[379, 412]","[88, 90]",False
coarse_align_amp_norm,3,1,"[371, 402]","[133, 135]",False
footprint_cluster,0,0,"[437, 460]","[104, 107]",False
footprint_cluster,0,1,"[428, 452]","[96, 100]",False
footprint_cluster,1,0,"[285, 331]","[104, 106]",False
footprint_cluster,1,1,"[278, 319]","[87, 88]",False
footprint_cluster,2,0,"[64, 85]","[138, 139]",False
footprint_cluster,2,1,"[23, 55]","[103, 104]",False
footprint_cluster,3,0,"[379, 412]","[93, 94]",False
footprint_cluster,3,1,"[371, 402]","[149, 146]",False
footprint_cluster_strong,0,0,"[437, 460]","[77, 80]",False
footprint_cluster_strong,0,1,"[428, 452]","[72, 73]",False
footprint_cluster_strong,1,0,"[285, 331]","[84, 85]",False
footprint_cluster_strong,1,1,"[278, 319]","[73, 72]",False
footprint_cluster_strong,2,0,"[64, 85]","[115, 121]",False
footprint_cluster_strong,2,1,"[23, 55]","[87, 89]",False
footprint_cluster_strong,3,0,"[379, 412]","[78, 79]",False
footprint_cluster_strong,3,1,"[371, 402]","[117, 115]",False
footprint_graph,0,0,"[437, 460]","[102, 104]",False
footprint_graph,0,1,"[428, 452]","[96, 97]",False
footprint_graph,1,0,"[285, 331]","[105, 106]",False
footprint_graph,1,1,"[278, 319]","[87, 86]",False
footprint_graph,2,0,"[64, 85]","[132, 139]",False
footprint_graph,2,1,"[23, 55]","[100, 101]",False
footprint_graph,3,0,"[379, 412]","[89, 92]",False
footprint_graph,3,1,"[371, 402]","[141, 143]",False
footprint_graph_strong,0,0,"[437, 460]","[81, 84]",False
footprint_graph_strong,0,1,"[428, 452]","[76, 77]",False
footprint_graph_strong,1,0,"[285, 331]","[82, 82]",True
footprint_graph_strong,1,1,"[278, 319]","[71, 73]",False
footprint_graph_strong,2,0,"[64, 85]","[111, 113]",False
footprint_graph_strong,2,1,"[23, 55]","[83, 85]",False
footprint_graph_strong,3,0,"[379, 412]","[79, 82]",False
footprint_graph_strong,3,1,"[371, 402]","[118, 119]",False
footprint_seed,0,0,"[437, 460]","[102, 104]",False
footprint_seed,0,1,"[428, 452]","[95, 96]",False
footprint_seed,1,0,"[285, 331]","[106, 108]",False
footprint_seed,1,1,"[278, 319]","[87, 86]",False
footprint_seed,2,0,"[64, 85]","[138, 138]",True
footprint_seed,2,1,"[23, 55]","[102, 106]",False
footprint_seed,3,0,"[379, 412]","[90, 92]",False
footprint_seed,3,1,"[371, 402]","[143, 141]",False
