config,replicate,kind,tier,a,b,truth,v_a,v_b,v_merged,n_a,n_b
vanilla,0,same_neuron,hard,179,184,merge,0.007209805335255948,0.001145475372279496,0.022203947368421052,2775,874
vanilla,0,same_neuron,hard,179,183,merge,0.007209805335255948,0.05218855218855219,0.031166518254674976,2775,595
vanilla,0,same_neuron,hard,30,31,merge,0.006920415224913495,0.007009345794392523,0.07381615598885793,290,429
vanilla,0,same_neuron,collision,153,162,merge,0.0,0.0021878155503197577,0.020260492040520984,277,5943
vanilla,0,same_neuron,collision,153,154,merge,0.0,0.03353658536585366,0.10718113612004287,277,657
vanilla,0,same_neuron,collision,53,56,merge,0.08902077151335312,0.0037735849056603774,0.23217247097844113,338,266
vanilla,0,same_neuron,collision,53,57,merge,0.08902077151335312,0.04789272030651341,0.1569767441860465,338,523
vanilla,0,same_neuron,collision,53,49,merge,0.08902077151335312,0.00030248033877797946,0.023600439077936335,338,3307
vanilla,0,same_neuron,collision,202,201,merge,0.0,0.03,0.11596958174904944,278,1301
vanilla,0,same_neuron,collision,202,200,merge,0.0,0.023809523809523808,0.0993485342019544,278,337
vanilla,0,same_neuron,easy,114,113,merge,0.11771844660194175,0.00645682001614205,0.09060077519379844,825,1240
vanilla,0,same_neuron,easy,114,108,merge,0.11771844660194175,0.0035778175313059034,0.10404624277456648,825,560
vanilla,0,same_neuron,easy,15,16,merge,0.006825938566552901,0.02340702210663199,0.060589519650655024,294,1539
vanilla,0,same_neuron,easy,15,17,merge,0.006825938566552901,0.018534863195057368,0.09390329362298529,294,1134
vanilla,0,same_neuron,pair,89,90,merge,0.1806083650190114,0.1476923076923077,0.22005097706032287,527,651
vanilla,0,same_neuron,pair,96,94,merge,0.0,0.014563106796116505,0.0637329286798179,288,1031
vanilla,0,same_neuron,pair,96,98,merge,0.0,0.008849557522123894,0.05158264947245018,288,566
vanilla,0,same_neuron,pair,96,99,merge,0.0,0.030478955007256895,0.06038894575230297,288,690
vanilla,0,same_neuron,easy,65,72,merge,0.0035087719298245615,0.0026109660574412533,0.03802281368821293,286,767
vanilla,0,same_neuron,pair,97,99,merge,0.0,0.030478955007256895,0.11595744680851064,251,690
vanilla,0,same_neuron,pair,97,98,merge,0.0,0.008849557522123894,0.11764705882352941,251,566
vanilla,0,same_neuron,pair,97,95,merge,0.0,0.01937984496124031,0.04520654715510522,251,1033
vanilla,0,different_neuron,pair,89,90,do_not_merge,0.1806083650190114,0.1476923076923077,0.22005097706032287,527,651
vanilla,0,different_neuron,pair,96,97,do_not_merge,0.0,0.0,0.0,288,251
footprint_cluster_strong,0,same_neuron,hard,152,151,merge,0.02304147465437788,0.045508982035928146,0.10826210826210826,218,836
footprint_cluster_strong,0,same_neuron,hard,152,153,merge,0.02304147465437788,0.0012165450121654502,0.006730769230769231,218,823
footprint_cluster_strong,0,same_neuron,collision,125,132,merge,0.0,0.004014720642355303,0.023608230977827403,291,5979
footprint_cluster_strong,0,same_neuron,collision,125,124,merge,0.0,0.03125,0.09706144256455922,291,833
footprint_cluster_strong,0,same_neuron,collision,41,40,merge,0.09855453350854139,0.00030321406913280777,0.04039408866995074,762,3299
footprint_cluster_strong,0,same_neuron,collision,171,170,merge,0.0035714285714285713,0.018440905280804692,0.09226594301221167,281,1194
footprint_cluster_strong,0,same_neuron,collision,171,172,merge,0.0035714285714285713,0.04054054054054054,0.17249417249417248,281,149
footprint_cluster_strong,0,same_neuron,collision,171,169,merge,0.0035714285714285713,0.023880597014925373,0.10227272727272728,281,336
footprint_cluster_strong,0,same_neuron,easy,93,92,merge,0.0034965034965034965,0.026525198938992044,0.08261287223823247,287,755
footprint_cluster_strong,0,same_neuron,easy,93,90,merge,0.0034965034965034965,0.008917197452229299,0.051305970149253734,287,786
footprint_cluster_strong,0,same_neuron,easy,93,91,merge,0.0034965034965034965,0.033816425120772944,0.12955465587044535,287,208
footprint_cluster_strong,0,same_neuron,easy,93,94,merge,0.0034965034965034965,0.048854041013269,0.05912596401028278,287,1659
footprint_cluster_strong,0,same_neuron,pair,72,73,merge,0.16966966966966968,0.14917127071823205,0.2066115702479339,667,544
footprint_cluster_strong,0,same_neuron,pair,77,78,merge,0.0,0.014746543778801843,0.06031976744186047,291,1086
footprint_cluster_strong,0,same_neuron,pair,77,80,merge,0.0,0.1623931623931624,0.18198198198198198,291,820
footprint_cluster_strong,0,same_neuron,easy,50,53,merge,0.0035087719298245615,0.05217391304347826,0.13466334164588528,286,116
footprint_cluster_strong,0,same_neuron,pair,80,78,merge,0.1623931623931624,0.014746543778801843,0.11863517060367454,820,1086
footprint_cluster_strong,0,same_neuron,pair,80,79,merge,0.1623931623931624,0.023529411764705882,0.12935064935064935,820,1106
footprint_cluster_strong,0,different_neuron,pair,72,73,do_not_merge,0.16966966966966968,0.14917127071823205,0.2066115702479339,667,544
footprint_cluster_strong,0,different_neuron,pair,77,80,do_not_merge,0.0,0.1623931623931624,0.18198198198198198,291,820
coarse_then_align,0,same_neuron,hard,162,166,merge,0.006854256854256854,0.002296211251435132,0.021953896816684963,2773,872
coarse_then_align,0,same_neuron,hard,162,165,merge,0.006854256854256854,0.05073649754500818,0.031323877068557916,2773,612
coarse_then_align,0,same_neuron,hard,22,23,merge,0.006920415224913495,0.0049504950495049506,0.06340057636887608,290,405
coarse_then_align,0,same_neuron,hard,113,114,merge,0.00199203187250996,0.0021253985122210413,0.012254901960784314,1507,942
coarse_then_align,0,same_neuron,collision,137,141,merge,0.0,0.002517200872629636,0.021773935318603905,287,5960
coarse_then_align,0,same_neuron,collision,137,136,merge,0.0,0.03259259259259259,0.11122661122661123,287,676
coarse_then_align,0,same_neuron,collision,137,138,merge,0.0,0.001996007984031936,0.022206303724928367,287,2506
coarse_then_align,0,same_neuron,collision,42,43,merge,0.11176470588235295,0.01178318931657502,0.05266601243048741,511,2547
coarse_then_align,0,same_neuron,collision,42,40,merge,0.11176470588235295,0.00030248033877797946,0.0345821325648415,511,3307
coarse_then_align,0,same_neuron,collision,187,186,merge,0.0,0.031746031746031744,0.1260137242669994,280,1324
coarse_then_align,0,same_neuron,collision,187,185,merge,0.0,0.023809523809523808,0.09902597402597403,280,337
coarse_then_align,0,same_neuron,easy,98,96,merge,0.0035087719298245615,0.007524454477050414,0.057585139318885446,286,1330
coarse_then_align,0,same_neuron,easy,98,97,merge,0.0035087719298245615,0.033482142857142856,0.10998307952622674,286,897
coarse_then_align,0,same_neuron,pair,78,79,merge,0.18232044198895028,0.15942028985507245,0.2198905109489051,544,553
coarse_then_align,0,same_neuron,pair,83,86,merge,0.0,0.19661458333333334,0.19696969696969696,288,769
coarse_then_align,0,same_neuron,pair,83,85,merge,0.0,0.03434343434343434,0.11749680715197956,288,496
coarse_then_align,0,same_neuron,pair,83,84,merge,0.0,0.02631578947368421,0.07945736434108527,288,229
coarse_then_align,0,same_neuron,easy,54,50,merge,0.0035087719298245615,0.0673076923076923,0.12564102564102564,286,105
coarse_then_align,0,same_neuron,pair,86,85,merge,0.19661458333333334,0.03434343434343434,0.1875,769,496
coarse_then_align,0,different_neuron,pair,78,79,do_not_merge,0.18232044198895028,0.15942028985507245,0.2198905109489051,544,553
coarse_then_align,0,different_neuron,pair,83,86,do_not_merge,0.0,0.19661458333333334,0.19696969696969696,288,769
vanilla,1,same_neuron,hard,29,31,merge,0.024725274725274724,0.002702702702702703,0.014915254237288136,365,1111
vanilla,1,same_neuron,hard,115,119,merge,0.0761904761904762,0.01651376146788991,0.03220409870347135,211,2181
vanilla,1,same_neuron,hard,115,120,merge,0.0761904761904762,0.0212411495210329,0.0386676875957121,211,2402
vanilla,1,same_neuron,collision,139,136,merge,0.0,0.03139013452914798,0.0943952802359882,232,447
vanilla,1,same_neuron,collision,139,137,merge,0.0,0.01225114854517611,0.05536723163841808,232,654
vanilla,1,same_neuron,collision,139,142,merge,0.0,0.004631217838765009,0.020290333223358627,232,5831
vanilla,1,same_neuron,collision,139,134,merge,0.0,0.004780876494023904,0.026899798251513115,232,1256
vanilla,1,same_neuron,collision,90,89,merge,0.02857142857142857,0.023972602739726026,0.04975124378109453,421,585
vanilla,1,same_neuron,collision,90,91,merge,0.02857142857142857,0.00990990990990991,0.030045721750489876,421,1111
vanilla,1,same_neuron,collision,39,40,merge,0.1282051282051282,0.017643352236925015,0.0867992766726944,625,1588
vanilla,1,same_neuron,collision,39,38,merge,0.1282051282051282,0.01571366215626364,0.06858710562414266,625,2292
vanilla,1,same_neuron,easy,55,53,merge,0.006968641114982578,0.01551246537396122,0.042522694696607743,288,1806
vanilla,1,same_neuron,easy,55,21,merge,0.006968641114982578,0.0011037527593818985,0.009653092006033183,288,6343
vanilla,1,same_neuron,easy,55,54,merge,0.006968641114982578,0.022041763341067284,0.05864811133200795,288,1725
vanilla,1,same_neuron,easy,55,59,merge,0.006968641114982578,0.005372733378106112,0.029825548677546426,288,1490
vanilla,1,same_neuron,easy,55,57,merge,0.006968641114982578,0.005859375,0.030153508771929825,288,1537
vanilla,1,same_neuron,pair,84,85,merge,0.0,0.030303030303030304,0.06631455399061033,252,1453
vanilla,1,same_neuron,pair,84,83,merge,0.0,0.01962457337883959,0.05266853932584269,252,1173
vanilla,1,same_neuron,pair,100,95,merge,0.05823117338003503,0.013131313131313131,0.11389312977099236,2285,991
vanilla,1,same_neuron,pair,100,142,merge,0.05823117338003503,0.004631217838765009,0.05434380776340111,2285,5831
vanilla,1,same_neuron,easy,178,179,merge,0.0,0.022727272727272728,0.06475800954328562,235,1233
vanilla,1,same_neuron,easy,178,180,merge,0.0,0.0970873786407767,0.17159763313609466,235,104
vanilla,1,same_neuron,pair,83,86,merge,0.01962457337883959,0.032,0.06397028477094512,1173,1251
vanilla,1,same_neuron,pair,83,85,merge,0.01962457337883959,0.030303030303030304,0.06323809523809523,1173,1453
vanilla,1,same_neuron,pair,100,101,merge,0.05823117338003503,0.024140012070006035,0.10299340436326737,2285,1658
vanilla,1,different_neuron,pair,84,83,do_not_merge,0.0,0.01962457337883959,0.05266853932584269,252,1173
footprint_cluster_strong,1,same_neuron,hard,25,23,merge,0.05371900826446281,0.008396305625524769,0.02789400278940028,243,1192
footprint_cluster_strong,1,same_neuron,hard,25,21,merge,0.05371900826446281,0.01808785529715762,0.039886039886039885,243,1162
footprint_cluster_strong,1,same_neuron,hard,96,95,merge,0.016363636363636365,0.026730637422892393,0.05919124829068177,2201,2919
footprint_cluster_strong,1,same_neuron,hard,96,104,merge,0.016363636363636365,0.02572347266881029,0.037818471337579616,2201,312
footprint_cluster_strong,1,same_neuron,collision,114,113,merge,0.07571801566579635,0.02927927927927928,0.13526570048309178,384,445
footprint_cluster_strong,1,same_neuron,collision,114,118,merge,0.07571801566579635,0.0030991735537190084,0.026001291989664083,384,5809
footprint_cluster_strong,1,same_neuron,collision,114,112,merge,0.07571801566579635,0.004792332268370607,0.04706601466992665,384,1253
footprint_cluster_strong,1,same_neuron,collision,114,111,merge,0.07571801566579635,0.002556237218813906,0.03547008547008547,384,1957
footprint_cluster_strong,1,same_neuron,collision,78,77,merge,0.02680965147453083,0.02413793103448276,0.04612159329140461,374,581
footprint_cluster_strong,1,same_neuron,collision,78,79,merge,0.02680965147453083,0.011432926829268292,0.027283511269276393,374,1313
footprint_cluster_strong,1,same_neuron,collision,33,34,merge,0.12162162162162163,0.019230769230769232,0.0896551724137931,667,1509
footprint_cluster_strong,1,same_neuron,collision,33,32,merge,0.12162162162162163,0.01943198804185351,0.06461262339216273,667,2677
footprint_cluster_strong,1,same_neuron,collision,33,31,merge,0.12162162162162163,0.005775577557755775,0.06758914316125599,667,1213
footprint_cluster_strong,1,same_neuron,easy,52,20,merge,0.006993006993006993,0.0009404388714733542,0.009449527523623819,287,6381
footprint_cluster_strong,1,same_neuron,easy,52,50,merge,0.006993006993006993,0.028688524590163935,0.10546139359698682,287,245
footprint_cluster_strong,1,same_neuron,pair,73,71,merge,0.00390625,0.03006012024048096,0.06727480045610035,257,1498
footprint_cluster_strong,1,same_neuron,pair,73,72,merge,0.00390625,0.021701388888888888,0.048970901348474094,257,1153
footprint_cluster_strong,1,same_neuron,pair,84,118,merge,0.09861111111111111,0.0030991735537190084,0.02710981773625364,721,5809
footprint_cluster_strong,1,same_neuron,easy,153,154,merge,0.07621951219512195,0.020018198362147407,0.06862745098039216,329,1100
footprint_cluster_strong,1,same_neuron,pair,72,74,merge,0.021701388888888888,0.036028823058446756,0.06536219816819318,1153,1250
footprint_cluster_strong,1,same_neuron,pair,72,71,merge,0.021701388888888888,0.03006012024048096,0.06339622641509433,1153,1498
footprint_cluster_strong,1,same_neuron,pair,85,84,merge,0.09034267912772585,0.09861111111111111,0.20153550863723607,322,721
footprint_cluster_strong,1,same_neuron,pair,85,86,merge,0.09034267912772585,0.06949524506217995,0.13380698638247485,322,1368
footprint_cluster_strong,1,different_neuron,pair,73,72,do_not_merge,0.00390625,0.021701388888888888,0.048970901348474094,257,1153
footprint_cluster_strong,1,different_neuron,pair,84,85,do_not_merge,0.09861111111111111,0.09034267912772585,0.20153550863723607,721,322
coarse_then_align,1,same_neuron,hard,26,22,merge,0.0234375,0.003424657534246575,0.0332541567695962,129,293
coarse_then_align,1,same_neuron,hard,26,29,merge,0.0234375,0.02508361204013378,0.033012379642365884,129,599
coarse_then_align,1,same_neuron,hard,26,21,merge,0.0234375,0.0032216494845360823,0.011302795954788817,129,1553
coarse_then_align,1,same_neuron,hard,100,103,merge,0.02017832003754106,0.02818003913894325,0.05973970556859398,2132,2556
coarse_then_align,1,same_neuron,hard,100,98,merge,0.02017832003754106,0.00576036866359447,0.035666666666666666,2132,869
coarse_then_align,1,same_neuron,collision,116,114,merge,0.022641509433962263,0.023255813953488372,0.09878213802435724,266,474
coarse_then_align,1,same_neuron,collision,116,120,merge,0.022641509433962263,0.003266850068775791,0.021210128247287078,266,5817
coarse_then_align,1,same_neuron,collision,116,118,merge,0.022641509433962263,0.005253940455341506,0.06093189964157706,266,572
coarse_then_align,1,same_neuron,collision,116,113,merge,0.022641509433962263,0.009401709401709401,0.037604456824512536,266,1171
coarse_then_align,1,same_neuron,collision,83,82,merge,0.01912568306010929,0.028409090909090908,0.048044692737430165,367,529
coarse_then_align,1,same_neuron,collision,83,84,merge,0.01912568306010929,0.010768126346015794,0.026136363636363635,367,1394
coarse_then_align,1,same_neuron,collision,33,34,merge,0.1081441922563418,0.0188556566970091,0.08784965034965035,750,1539
coarse_then_align,1,same_neuron,collision,33,32,merge,0.1081441922563418,0.016652059596844872,0.06860158311345646,750,2283
coarse_then_align,1,same_neuron,easy,49,47,merge,0.007017543859649123,0.013969732246798603,0.045409181636726546,286,1719
coarse_then_align,1,same_neuron,easy,49,48,merge,0.007017543859649123,0.02045728038507822,0.057494866529774126,286,1663
coarse_then_align,1,same_neuron,easy,49,14,merge,0.007017543859649123,0.00070212392487274,0.00885843222463647,286,5698
coarse_then_align,1,same_neuron,easy,49,51,merge,0.007017543859649123,0.007180156657963447,0.0297029702970297,286,1533
coarse_then_align,1,same_neuron,easy,49,52,merge,0.007017543859649123,0.0013736263736263737,0.023668639053254437,286,729
coarse_then_align,1,same_neuron,pair,77,76,merge,0.004608294930875576,0.03636363636363636,0.07142857142857142,218,441
coarse_then_align,1,same_neuron,pair,77,75,merge,0.004608294930875576,0.023255813953488372,0.06341463414634146,218,603
coarse_then_align,1,same_neuron,easy,155,153,merge,0.0,0.021514629948364887,0.05698005698005698,242,1163
coarse_then_align,1,same_neuron,easy,155,154,merge,0.0,0.07878787878787878,0.1891891891891892,242,166
coarse_then_align,1,same_neuron,easy,41,39,merge,0.008064516129032258,0.0136986301369863,0.028877887788778877,993,220
coarse_then_align,1,same_neuron,pair,78,75,merge,0.01079136690647482,0.023255813953488372,0.0510783200908059,279,603
coarse_then_align,1,same_neuron,pair,88,87,merge,0.08695652173913043,0.09899569583931134,0.20060180541624875,300,698
coarse_then_align,1,same_neuron,pair,88,89,merge,0.08695652173913043,0.06529209621993128,0.12431693989071038,300,1165
coarse_then_align,1,different_neuron,pair,77,78,do_not_merge,0.004608294930875576,0.01079136690647482,0.02217741935483871,218,279
coarse_then_align,1,different_neuron,pair,87,88,do_not_merge,0.09899569583931134,0.08695652173913043,0.20060180541624875,698,300
vanilla,2,same_neuron,pair,98,97,merge,0.009456264775413711,0.031446540880503145,0.06559697970740916,847,1273
vanilla,2,same_neuron,pair,98,99,merge,0.009456264775413711,0.009096816114359974,0.02556580050293378,847,1540
vanilla,2,same_neuron,easy,59,61,merge,0.026850032743942372,0.01957831325301205,0.04333941605839416,1528,665
vanilla,2,same_neuron,easy,59,58,merge,0.026850032743942372,0.034934497816593885,0.07053571428571428,1528,1833
vanilla,2,same_neuron,easy,59,60,merge,0.026850032743942372,0.003297065611605671,0.03508002631001973,1528,3034
vanilla,2,same_neuron,easy,169,168,merge,0.15073529411764705,0.02394106813996317,0.08388520971302428,273,1087
vanilla,2,same_neuron,easy,169,19,merge,0.15073529411764705,0.008550544752447937,0.020069112174375334,273,7252
vanilla,2,same_neuron,pair,100,101,merge,0.0773955773955774,0.014705882352941176,0.08020882771713336,815,1293
vanilla,2,same_neuron,pair,100,98,merge,0.0773955773955774,0.009456264775413711,0.07766405779650813,815,847
vanilla,2,same_neuron,pair,129,132,merge,0.006384676775738229,0.010065127294256957,0.03295956506965681,1254,1690
vanilla,2,same_neuron,pair,129,19,merge,0.006384676775738229,0.008550544752447937,0.035038212815990594,1254,7252
vanilla,2,same_neuron,pair,131,132,merge,0.03288201160541586,0.010065127294256957,0.03579519710013593,518,1690
vanilla,2,same_neuron,hard,27,28,merge,0.0034965034965034965,0.018480492813141684,0.06459948320413436,287,488
vanilla,2,same_neuron,hard,151,19,merge,0.052348993288590606,0.008550544752447937,0.029636113542578467,746,7252
vanilla,2,same_neuron,collision,47,46,merge,0.08222811671087533,0.0,0.036699779249448124,378,3247
vanilla,2,same_neuron,collision,47,48,merge,0.08222811671087533,0.002575107296137339,0.04542097488921713,378,2331
vanilla,2,same_neuron,collision,47,49,merge,0.08222811671087533,0.0030165912518853697,0.08741594620557157,378,664
vanilla,2,same_neuron,collision,14,18,merge,0.2130281690140845,0.002609262883235486,0.06657496561210453,569,3067
vanilla,2,same_neuron,collision,14,17,merge,0.2130281690140845,0.0125,0.13564929693961952,569,641
vanilla,2,same_neuron,collision,87,85,merge,0.15021459227467812,0.02044153720359771,0.12130177514792899,467,1224
vanilla,2,same_neuron,collision,87,86,merge,0.15021459227467812,0.01777434312210201,0.10221465076660988,467,1295
vanilla,2,same_neuron,collision,87,1,merge,0.15021459227467812,0.026483570377636097,0.07462090981644054,467,2040
vanilla,2,same_neuron,collision,87,2,merge,0.15021459227467812,0.02456896551724138,0.067097237172587,467,2321
vanilla,2,same_neuron,collision,87,58,merge,0.15021459227467812,0.034934497816593885,0.08046976946498477,467,1833
vanilla,2,different_neuron,pair,98,100,do_not_merge,0.009456264775413711,0.0773955773955774,0.07766405779650813,847,815
vanilla,2,different_neuron,pair,129,131,do_not_merge,0.006384676775738229,0.03288201160541586,0.025409373235460192,1254,518
footprint_cluster_strong,2,same_neuron,pair,87,89,merge,0.013727560718057022,0.2079207920792079,0.10323468685478321,948,506
footprint_cluster_strong,2,same_neuron,pair,87,88,merge,0.013727560718057022,0.018315018315018316,0.036036036036036036,948,274
footprint_cluster_strong,2,same_neuron,easy,52,53,merge,0.11252268602540835,0.013054830287206266,0.12620320855614972,552,384
footprint_cluster_strong,2,same_neuron,easy,159,18,merge,0.028037383177570093,0.0076282940360610264,0.03441613331723222,1071,7211
footprint_cluster_strong,2,same_neuron,pair,115,18,merge,0.01188707280832095,0.0076282940360610264,0.03681196681079818,1347,7211
footprint_cluster_strong,2,same_neuron,pair,121,124,merge,0.005434782608695652,0.014522821576763486,0.038980509745127435,185,483
footprint_cluster_strong,2,same_neuron,pair,121,120,merge,0.005434782608695652,0.0,0.009418282548476454,185,1621
footprint_cluster_strong,2,same_neuron,pair,121,122,merge,0.005434782608695652,0.0066815144766146995,0.02996845425867508,185,450
footprint_cluster_strong,2,same_neuron,hard,23,24,merge,0.0034602076124567475,0.018329938900203666,0.06017925736235595,290,492
footprint_cluster_strong,2,same_neuron,hard,142,143,merge,0.0,0.008793969849246231,0.04429783223374175,265,797
footprint_cluster_strong,2,same_neuron,hard,142,18,merge,0.0,0.0076282940360610264,0.01471571906354515,265,7211
footprint_cluster_strong,2,same_neuron,collision,43,42,merge,0.10368663594470046,0.0,0.040434192672998644,435,3251
footprint_cluster_strong,2,same_neuron,collision,43,44,merge,0.10368663594470046,0.0051986632008912,0.04859335038363171,435,2694
footprint_cluster_strong,2,same_neuron,collision,11,12,merge,0.21228070175438596,0.0025982461838259174,0.06547945205479452,571,3080
footprint_cluster_strong,2,same_neuron,collision,11,14,merge,0.21228070175438596,0.0193756727664155,0.124,571,930
footprint_cluster_strong,2,same_neuron,collision,11,2,merge,0.21228070175438596,0.027518863737239236,0.08711048158640226,571,2254
footprint_cluster_strong,2,same_neuron,collision,11,13,merge,0.21228070175438596,0.019417475728155338,0.18107833163784334,571,413
footprint_cluster_strong,2,same_neuron,collision,78,76,merge,0.14838709677419354,0.021207177814029365,0.12056737588652482,466,1227
footprint_cluster_strong,2,same_neuron,collision,78,77,merge,0.14838709677419354,0.018447348193697154,0.10243350311262026,466,1302
footprint_cluster_strong,2,same_neuron,collision,78,2,merge,0.14838709677419354,0.027518863737239236,0.07282089003310041,466,2254
footprint_cluster_strong,2,same_neuron,collision,78,1,merge,0.14838709677419354,0.024922118380062305,0.06657877389584707,466,2569
footprint_cluster_strong,2,same_neuron,collision,78,90,merge,0.14838709677419354,0.0699132111861138,0.1094488188976378,466,2075
footprint_cluster_strong,2,different_neuron,pair,87,89,do_not_merge,0.013727560718057022,0.2079207920792079,0.10323468685478321,948,506
footprint_cluster_strong,2,different_neuron,pair,115,121,do_not_merge,0.01188707280832095,0.005434782608695652,0.016329196603527107,1347,185
coarse_then_align,2,same_neuron,pair,90,91,merge,0.038821954484605084,0.20851063829787234,0.1412151067323481,748,471
coarse_then_align,2,same_neuron,easy,54,56,merge,0.02822085889570552,0.004953560371517028,0.041760954536103685,1631,3231
coarse_then_align,2,same_neuron,easy,54,55,merge,0.02822085889570552,0.037575150300601205,0.07526881720430108,1631,1997
coarse_then_align,2,same_neuron,easy,157,156,merge,0.11788617886178862,0.0288028802880288,0.0817378497790869,247,1112
coarse_then_align,2,same_neuron,pair,116,121,merge,0.013250194855806703,0.007510109763142692,0.03316749585406302,1284,1732
coarse_then_align,2,same_neuron,pair,116,18,merge,0.013250194855806703,0.009788166544923302,0.037027924713986964,1284,6846
coarse_then_align,2,same_neuron,pair,120,121,merge,0.0490506329113924,0.007510109763142692,0.04145516074450085,633,1732
coarse_then_align,2,same_neuron,hard,24,25,merge,0.0034965034965034965,0.01642710472279261,0.06718346253229975,287,488
coarse_then_align,2,same_neuron,hard,139,18,merge,0.04798962386511025,0.009788166544923302,0.03163975318366811,772,6846
coarse_then_align,2,same_neuron,collision,42,40,merge,0.0851063829787234,0.000611807892321811,0.036752605595172794,377,3270
coarse_then_align,2,same_neuron,collision,42,43,merge,0.0851063829787234,0.0023551577955723034,0.0456,377,2124
coarse_then_align,2,same_neuron,collision,13,15,merge,0.2181500872600349,0.0032278889606197547,0.06781045751633986,574,3099
coarse_then_align,2,same_neuron,collision,13,16,merge,0.2181500872600349,0.008879023307436182,0.11864406779661017,574,902
coarse_then_align,2,same_neuron,collision,13,1,merge,0.2181500872600349,0.021105527638190954,0.08658346333853355,574,1991
coarse_then_align,2,same_neuron,collision,81,80,merge,0.14285714285714285,0.02195121951219512,0.11342592592592593,498,1231
coarse_then_align,2,same_neuron,collision,81,79,merge,0.14285714285714285,0.015810276679841896,0.10096426545660805,498,1266
coarse_then_align,2,same_neuron,collision,81,1,merge,0.14285714285714285,0.021105527638190954,0.0707395498392283,498,1991
coarse_then_align,2,same_neuron,collision,81,92,merge,0.14285714285714285,0.028027498677948175,0.08246128087065718,498,1892
coarse_then_align,2,same_neuron,collision,81,55,merge,0.14285714285714285,0.037575150300601205,0.08219727345629511,498,1997
coarse_then_align,2,different_neuron,pair,90,91,do_not_merge,0.038821954484605084,0.20851063829787234,0.1412151067323481,748,471
coarse_then_align,2,different_neuron,pair,116,120,do_not_merge,0.013250194855806703,0.0490506329113924,0.03496868475991649,1284,633
vanilla,3,same_neuron,hard,26,27,merge,0.016066838046272493,0.0,0.027695351137487636,1557,1477
vanilla,3,same_neuron,hard,26,129,merge,0.016066838046272493,0.038038496791934,0.06248944435061645,1557,4365
vanilla,3,same_neuron,hard,26,28,merge,0.016066838046272493,0.010582010582010581,0.047545219638242896,1557,379
vanilla,3,same_neuron,hard,173,174,merge,0.042328042328042326,0.0,0.010526315789473684,190,856
vanilla,3,same_neuron,hard,173,175,merge,0.042328042328042326,0.004645760743321719,0.030447193149381543,190,862
vanilla,3,same_neuron,hard,173,149,merge,0.042328042328042326,0.005156472261735419,0.010491916064671482,190,5625
vanilla,3,same_neuron,hard,123,124,merge,0.0035971223021582736,0.013561024610748368,0.018502202643171806,279,1992
vanilla,3,same_neuron,collision,13,16,merge,0.1560364464692483,0.0008449514152936206,0.08379544054220579,879,2368
vanilla,3,same_neuron,collision,110,112,merge,0.14285714285714285,0.02257217847769029,0.09221052631578948,470,1906
vanilla,3,same_neuron,collision,110,107,merge,0.14285714285714285,0.01867572156196944,0.11165048543689321,470,1179
vanilla,3,same_neuron,collision,110,111,merge,0.14285714285714285,0.02573932092004381,0.09843205574912892,470,1827
vanilla,3,same_neuron,collision,110,108,merge,0.14285714285714285,0.022076860179885527,0.11990549320732427,470,1224
vanilla,3,same_neuron,collision,110,2,merge,0.14285714285714285,0.02480683204554697,0.07920792079207921,470,2460
vanilla,3,same_neuron,collision,110,109,merge,0.14285714285714285,0.0025477707006369425,0.07009803921568628,470,1571
vanilla,3,same_neuron,collision,110,84,merge,0.14285714285714285,0.01601164483260553,0.0797180043383948,470,1375
vanilla,3,same_neuron,collision,39,37,merge,0.03193033381712627,0.08085106382978724,0.0724907063197026,1379,236
vanilla,3,same_neuron,collision,39,34,merge,0.03193033381712627,0.000711997152011392,0.038204393505253106,1379,2810
vanilla,3,same_neuron,collision,39,38,merge,0.03193033381712627,0.0065919578114700065,0.0393646408839779,1379,1518
vanilla,3,same_neuron,collision,39,40,merge,0.03193033381712627,0.001287001287001287,0.036178107606679034,1379,778
vanilla,3,same_neuron,collision,39,149,merge,0.03193033381712627,0.005156472261735419,0.04298157932314722,1379,5625
vanilla,3,same_neuron,collision,39,20,merge,0.03193033381712627,0.0008019246190858059,0.030601523509324928,1379,6236
vanilla,3,same_neuron,easy,194,195,merge,0.0,0.06951871657754011,0.14595660749506903,320,188
vanilla,3,same_neuron,easy,194,193,merge,0.0,0.00718849840255591,0.04198473282442748,320,1253
vanilla,3,same_neuron,easy,49,52,merge,0.07692307692307693,0.0024449877750611247,0.07346938775510205,326,410
vanilla,3,same_neuron,easy,49,51,merge,0.07692307692307693,0.028112449799196786,0.11826086956521739,326,250
vanilla,3,same_neuron,easy,49,50,merge,0.07692307692307693,0.002413515687851971,0.018249075215782985,326,3730
vanilla,3,same_neuron,pair,143,140,merge,0.04180602006688963,0.0,0.026730637422892393,599,861
vanilla,3,same_neuron,pair,143,142,merge,0.04180602006688963,0.00825082508250825,0.04527885146327996,599,1213
vanilla,3,same_neuron,pair,88,89,merge,0.0034602076124567475,0.019184652278177457,0.0681375730045425,290,1252
vanilla,3,same_neuron,pair,88,90,merge,0.0034602076124567475,0.018832391713747645,0.08357988165680473,290,1063
vanilla,3,same_neuron,easy,62,63,merge,0.05844155844155844,0.007677543186180422,0.04441154700222058,309,1043
vanilla,3,same_neuron,pair,141,143,merge,0.003436426116838488,0.04180602006688963,0.07752808988764046,292,599
vanilla,3,same_neuron,pair,91,90,merge,0.08743169398907104,0.018832391713747645,0.08498759305210918,550,1063
vanilla,3,same_neuron,pair,91,89,merge,0.08743169398907104,0.019184652278177457,0.08051082731815658,550,1252
vanilla,3,same_neuron,pair,91,93,merge,0.08743169398907104,0.002369668246445498,0.05667144906743185,550,845
vanilla,3,same_neuron,pair,91,94,merge,0.08743169398907104,0.004987531172069825,0.05191100969766115,550,1204
vanilla,3,same_neuron,pair,91,149,merge,0.08743169398907104,0.005156472261735419,0.024619371558147068,550,5625
vanilla,3,different_neuron,pair,143,141,do_not_merge,0.04180602006688963,0.003436426116838488,0.07752808988764046,599,292
vanilla,3,different_neuron,pair,88,91,do_not_merge,0.0034602076124567475,0.08743169398907104,0.07508939213349225,290,550
footprint_cluster_strong,3,same_neuron,hard,25,22,merge,0.007220216606498195,0.002291825821237586,0.01890359168241966,278,1310
footprint_cluster_strong,3,same_neuron,hard,25,23,merge,0.007220216606498195,0.005141388174807198,0.07196401799100449,278,390
footprint_cluster_strong,3,same_neuron,hard,146,145,merge,0.0,0.01872340425531915,0.036203522504892366,869,1176
footprint_cluster_strong,3,same_neuron,hard,146,121,merge,0.0,0.0051573892939711895,0.021410967344423906,869,5624
footprint_cluster_strong,3,same_neuron,collision,12,13,merge,0.15393518518518517,0.001644736842105263,0.08219593569912041,865,2433
footprint_cluster_strong,3,same_neuron,collision,91,93,merge,0.1635969664138678,0.03008849557522124,0.20155793573515093,924,1131
footprint_cluster_strong,3,same_neuron,collision,91,2,merge,0.1635969664138678,0.027828634199926768,0.15294117647058825,924,2732
footprint_cluster_strong,3,same_neuron,collision,91,90,merge,0.1635969664138678,0.006488824801730353,0.10601471224578105,924,1388
footprint_cluster_strong,3,same_neuron,collision,91,72,merge,0.1635969664138678,0.01601164483260553,0.1784160139251523,924,1375
footprint_cluster_strong,3,same_neuron,collision,35,32,merge,0.007462686567164179,0.07339449541284404,0.13031161473087818,135,219
footprint_cluster_strong,3,same_neuron,collision,35,30,merge,0.007462686567164179,0.0007125044531528322,0.013596193065941536,135,2808
footprint_cluster_strong,3,same_neuron,collision,35,34,merge,0.007462686567164179,0.01055662188099808,0.041631265930331354,135,1043
footprint_cluster_strong,3,same_neuron,collision,35,121,merge,0.007462686567164179,0.0051573892939711895,0.009899270580062522,135,5624
footprint_cluster_strong,3,same_neuron,collision,35,20,merge,0.007462686567164179,0.0012781594503914362,0.0046918986549890525,135,6260
footprint_cluster_strong,3,same_neuron,collision,35,31,merge,0.007462686567164179,0.006648936170212766,0.017693715680292862,135,1505
footprint_cluster_strong,3,same_neuron,easy,41,42,merge,0.05150214592274678,0.052478134110787174,0.11091854419410745,234,344
footprint_cluster_strong,3,same_neuron,easy,41,43,merge,0.05150214592274678,0.0031729243786356425,0.012201195219123506,234,3783
footprint_cluster_strong,3,same_neuron,pair,117,118,merge,0.028233151183970857,0.023323615160349854,0.05546218487394958,1099,687
footprint_cluster_strong,3,same_neuron,pair,117,113,merge,0.028233151183970857,0.020876826722338204,0.049429657794676805,1099,480
footprint_cluster_strong,3,same_neuron,pair,78,76,merge,0.003436426116838488,0.021778584392014518,0.10320284697508897,292,552
footprint_cluster_strong,3,same_neuron,pair,78,77,merge,0.003436426116838488,0.039568345323741004,0.13859649122807016,292,279
footprint_cluster_strong,3,same_neuron,pair,115,118,merge,0.003194888178913738,0.023323615160349854,0.072,314,687
footprint_cluster_strong,3,same_neuron,pair,79,80,merge,0.0958904109589041,0.0136986301369863,0.09920182440136831,585,293
footprint_cluster_strong,3,same_neuron,pair,79,121,merge,0.0958904109589041,0.0051573892939711895,0.027061855670103094,585,5624
footprint_cluster_strong,3,different_neuron,pair,117,115,do_not_merge,0.028233151183970857,0.003194888178913738,0.030453257790368272,1099,314
footprint_cluster_strong,3,different_neuron,pair,78,79,do_not_merge,0.003436426116838488,0.0958904109589041,0.07876712328767123,292,585
coarse_then_align,3,same_neuron,hard,25,23,merge,0.006802721088435374,0.007132667617689016,0.017419354838709676,148,1403
coarse_then_align,3,same_neuron,hard,25,27,merge,0.006802721088435374,0.007874015748031496,0.05860113421550094,148,382
coarse_then_align,3,same_neuron,hard,25,24,merge,0.006802721088435374,0.0008952551477170994,0.007905138339920948,148,1118
coarse_then_align,3,same_neuron,hard,25,117,merge,0.006802721088435374,0.04022346368715084,0.04239671209171534,148,4476
coarse_then_align,3,same_neuron,hard,156,155,merge,0.0,0.014270032930845226,0.03469501958589815,876,912
coarse_then_align,3,same_neuron,hard,112,114,merge,0.0036363636363636364,0.015151515151515152,0.021917808219178082,276,1915
coarse_then_align,3,same_neuron,collision,13,14,merge,0.16625916870415647,0.0012594458438287153,0.08216182442986567,819,2383
coarse_then_align,3,same_neuron,collision,101,102,merge,0.14431082331174838,0.036786060019361085,0.19574468085106383,1082,1034
coarse_then_align,3,same_neuron,collision,101,100,merge,0.14431082331174838,0.004667444574095682,0.11603919546157813,1082,858
coarse_then_align,3,same_neuron,collision,101,2,merge,0.14431082331174838,0.023799221116399826,0.15708812260536398,1082,2312
coarse_then_align,3,same_neuron,collision,101,104,merge,0.14431082331174838,0.011333914559721011,0.1610587707492149,1082,1148
coarse_then_align,3,same_neuron,collision,38,39,merge,0.03885480572597137,0.0073779795686719635,0.036483035388544326,979,1763
coarse_then_align,3,same_neuron,collision,38,36,merge,0.03885480572597137,0.004081632653061225,0.0661764705882353,979,246
coarse_then_align,3,same_neuron,collision,38,34,merge,0.03885480572597137,0.0,0.03096392030156166,979,2736
coarse_then_align,3,same_neuron,collision,38,136,merge,0.03885480572597137,0.006251116270762636,0.03390088172696868,979,5600
coarse_then_align,3,same_neuron,collision,38,37,merge,0.03885480572597137,0.001953125,0.034875922199865864,979,513
coarse_then_align,3,same_neuron,easy,176,177,merge,0.0,0.01327088212334114,0.05827067669172932,315,1282
coarse_then_align,3,same_neuron,easy,45,48,merge,0.07120743034055728,0.002364066193853428,0.07898259705488621,324,424
coarse_then_align,3,same_neuron,easy,45,46,merge,0.07120743034055728,0.03319502074688797,0.1256637168141593,324,242
coarse_then_align,3,same_neuron,easy,45,47,merge,0.07120743034055728,0.0009110233829334953,0.01658833287254631,324,3294
coarse_then_align,3,same_neuron,easy,45,136,merge,0.07120743034055728,0.006251116270762636,0.01857166976194496,324,5600
coarse_then_align,3,same_neuron,pair,128,126,merge,0.0420032310177706,0.0011325028312570782,0.027944111776447105,620,884
coarse_then_align,3,same_neuron,pair,128,127,merge,0.0420032310177706,0.009884678747940691,0.04525627044711014,620,1215
coarse_then_align,3,same_neuron,pair,128,125,merge,0.0420032310177706,0.01859504132231405,0.08152173913043478,620,485
coarse_then_align,3,same_neuron,pair,88,87,merge,0.003472222222222222,0.05434782608695652,0.1415929203539823,289,277
coarse_then_align,3,same_neuron,pair,88,28,merge,0.003472222222222222,0.00458963282937365,0.013523666416228399,289,3705
coarse_then_align,3,same_neuron,easy,55,64,merge,0.03076923076923077,0.005997001499250375,0.021551724137931036,261,668
coarse_then_align,3,same_neuron,easy,55,59,merge,0.03076923076923077,0.017391304347826087,0.056220095693779906,261,576
coarse_then_align,3,same_neuron,pair,129,128,merge,0.003424657534246575,0.0420032310177706,0.08552631578947369,293,620
coarse_then_align,3,same_neuron,pair,89,86,merge,0.09574468085106383,0.009746588693957114,0.09461966604823747,565,514
coarse_then_align,3,different_neuron,pair,128,129,do_not_merge,0.0420032310177706,0.003424657534246575,0.08552631578947369,620,293
coarse_then_align,3,different_neuron,pair,88,89,do_not_merge,0.003472222222222222,0.09574468085106383,0.07971864009378664,289,565
