config,replicate,unit,tier,cluster,n_true,n_missed,n_det_before,recall_before,precision_before,n_cand_total,n_refined,n_accepted,n_recovered,n_false,n_false_foreign,chance_recovered,recovery_precision,recall_after,precision_after,d_recall,d_precision,n_iters,f0,peak_ch,bar_r2,bar_fp,ref_r2,ref_fp,acc_r2,acc_fp,n_fail_r2,n_fail_fp,secs
vanilla,0,331,hard,179,290,216,2775,0.25517241379310346,0.02666666666666667,1532,800,7,0,7,7,0.0,0.0,0.25517241379310346,0.026599568655643422,0.0,-6.709801102324636e-05,2,2625.6166587501375,72,0.5193523689806752,0.8786123971931236,0.6083999288716229,0.9032686777166358,0.5741202211263147,0.8910490932695321,734,59,1.9
vanilla,0,364,hard,30,292,2,290,0.9931506849315068,1.0,53,53,0,0,0,0,0.0,,0.9931506849315068,1.0,0.0,0.0,4,1798.9278831901565,335,0.7889232240247641,0.9641080868579469,0.8276755712771979,0.9706412789991287,,,50,3,1.6
vanilla,0,371,hard,130,290,153,1993,0.4724137931034483,0.06874059207225289,7854,800,257,34,223,167,0.6,0.13229571984435798,0.5896551724137931,0.076,0.11724137931034478,0.007259407927747111,4,3729.179969337556,138,0.307932229136474,0.8769713893052544,0.4255187480004138,0.8978511476028762,0.4445203032814982,0.9072774226554853,380,163,1.9
vanilla,0,379,collision,153,286,9,277,0.9685314685314685,1.0,24,24,3,3,0,0,0.0,1.0,0.9790209790209791,1.0,0.010489510489510523,0.0,2,2762.9928116126775,108,0.7889692314610476,0.9552687493414511,0.8214233651434494,0.9617601844981092,0.8558268772478049,0.9659069060928287,11,10,1.4
vanilla,0,395,collision,53,291,21,338,0.9278350515463918,0.7988165680473372,4505,800,9,7,2,2,0.0,0.7777777777777778,0.9518900343642611,0.7982708933717579,0.02405498281786933,-0.0005456746755793107,4,1407.402459461343,296,0.48797161553632584,0.9340049660005916,0.5820813620030622,0.9426383510186536,0.5943445986526784,0.9529314641019734,265,526,1.8
vanilla,0,402,collision,202,282,4,278,0.9858156028368794,1.0,137,137,0,0,0,0,0.0,,0.9858156028368794,1.0,0.0,0.0,4,2133.986322354066,23,0.6536494250277116,0.9538246908395872,0.7144708995549587,0.9566822610549505,,,39,98,1.5
vanilla,0,412,easy,114,287,0,825,1.0,0.3478787878787879,66842,800,653,0,653,554,0.0,0.0,1.0,0.19418132611637348,0.0,-0.15369746176241442,4,2018.0238238119127,165,0.2223064311423273,0.8327762737595592,0.5034227994953276,0.8924531362363972,0.484984572364956,0.8723816036167146,65,82,2.1
vanilla,0,418,easy,15,293,0,294,1.0,0.9965986394557823,50,50,0,0,0,0,0.0,,1.0,0.9965986394557823,0.0,0.0,4,2141.664620101915,351,0.762330428115775,0.9273665054923486,0.8113459196112366,0.9376119620027176,,,50,0,1.5
vanilla,0,428,pair,89,290,0,527,1.0,0.5502846299810247,53700,800,110,0,110,108,0.0,0.0,1.0,0.4552590266875981,0.0,-0.09502560329342657,4,2366.721938899952,232,0.39449313537081226,0.9345333906351789,0.576699207326351,0.9554130850650113,0.5280186660429155,0.9449587129701882,219,471,2.1
vanilla,0,437,pair,96,292,4,288,0.9863013698630136,1.0,0,0,0,0,0,0,0.0,,0.9863013698630136,1.0,0.0,0.0,2,2788.6509245377792,212,0.8980949939970192,0.9558963614004132,0.913592936420511,0.9639070639538048,,,0,0,1.4
vanilla,0,439,easy,65,286,0,286,1.0,1.0,3,3,0,0,0,0,0.0,,1.0,1.0,0.0,0.0,4,2045.8041660393706,272,0.8006422352257901,0.96711554484898,0.83546778861964,0.9722396583215331,,,3,0,1.5
vanilla,0,452,pair,90,289,0,651,1.0,0.44393241167434716,63310,800,497,0,497,473,0.0,0.0,1.0,0.25174216027874563,0.0,-0.19219025139560153,3,2141.664620101915,230,0.23079532084698842,0.9083113658746821,0.47507241372925935,0.9384581829164638,0.5031950692895412,0.9284218563583799,30,273,1.3
vanilla,0,460,pair,97,287,36,251,0.8745644599303136,1.0,31,31,5,5,0,0,0.0,1.0,0.89198606271777,1.0,0.017421602787456414,0.0,4,2248.6372110554416,209,0.6954954871772849,0.9468590450801015,0.7480948217663128,0.9570187285380605,0.7677205326456725,0.9573693992506197,23,3,0.9
footprint_cluster_strong,0,331,hard,152,290,85,218,0.7068965517241379,0.9403669724770642,11387,800,264,14,250,228,0.0,0.05303030303030303,0.7551724137931034,0.45435684647302904,0.0482758620689655,-0.4860101260040352,4,4090.3018311573564,70,0.19432457737537087,0.8183863257932644,0.3142920447724581,0.8429076284696219,0.317692770961534,0.844691584220108,304,232,1.2
footprint_cluster_strong,0,364,hard,22,292,0,292,1.0,1.0,42,42,0,0,0,0,0.0,,1.0,1.0,0.0,0.0,4,1666.7024890423181,335,0.8159781070533703,0.9668225543483961,0.8399701679168954,0.9732122560583167,,,42,0,0.5
footprint_cluster_strong,0,371,hard,108,290,177,2084,0.3896551724137931,0.05422264875239923,7380,800,240,32,208,142,0.6,0.13333333333333333,0.5,0.06239242685025818,0.1103448275862069,0.008169778097858946,4,3722.3122910512866,138,0.34927646004612967,0.8795334296364259,0.43741220338644904,0.8967760037296847,0.48201228229340387,0.9068726470006789,379,181,0.9
footprint_cluster_strong,0,379,collision,125,286,0,291,1.0,0.9828178694158075,31,31,0,0,0,0,0.0,,1.0,0.9828178694158075,0.0,0.0,4,2498.5420233170007,108,0.7939346640535224,0.945847556042759,0.8154491285314638,0.9562574582155243,,,16,15,0.5
footprint_cluster_strong,0,395,collision,41,291,0,762,1.0,0.38188976377952755,59971,800,396,0,396,374,0.0,0.0,1.0,0.25129533678756477,0.0,-0.13059442699196278,4,932.4403284017465,295,0.26446606840892484,0.9292130056961403,0.4343512819115197,0.9471978559678774,0.6166232769431272,0.940361165120844,2,402,1.2
footprint_cluster_strong,0,402,collision,171,282,2,281,0.9929078014184397,0.99644128113879,52,52,0,0,0,0,0.0,,0.9929078014184397,0.99644128113879,0.0,0.0,4,2141.664620101915,26,0.661129725724406,0.9542526681513382,0.7452879490341274,0.9595969755205708,,,41,11,0.9
footprint_cluster_strong,0,412,easy,93,287,0,287,1.0,1.0,1,1,0,0,0,0,0.0,,1.0,1.0,0.0,0.0,4,2029.1359607028958,165,0.8202347178052019,0.9471401513241093,0.8381044864252736,0.9563666321361921,,,1,0,0.5
footprint_cluster_strong,0,418,easy,11,293,0,471,1.0,0.6220806794055201,3172,800,0,0,0,0,0.0,,1.0,0.6220806794055201,0.0,0.0,4,2127.1186440677966,351,0.706315471102644,0.9171769093828201,0.7600248395954967,0.9366923534018644,,,786,14,0.8
footprint_cluster_strong,0,428,pair,72,290,0,667,1.0,0.43478260869565216,42102,800,325,0,325,314,0.0,0.0,1.0,0.2923387096774194,0.0,-0.1424438990182328,4,2248.6372110554416,232,0.32363138584947326,0.8929681224832844,0.5539419161880617,0.9270028865158568,0.5397180419735629,0.9071733931036271,96,379,1.0
footprint_cluster_strong,0,437,pair,77,292,1,291,0.9965753424657534,1.0,0,0,0,0,0,0,0.0,,0.9965753424657534,1.0,0.0,0.0,2,2810.8751983197453,212,0.8988999591849397,0.9533328911172274,0.9084769641015921,0.9594164273137601,,,0,0,0.4
footprint_cluster_strong,0,439,easy,50,286,0,286,1.0,1.0,3,3,0,0,0,0,0.0,,1.0,1.0,0.0,0.0,4,2045.8041660393706,272,0.8006422352257901,0.96711554484898,0.83546778861964,0.9722396583215331,,,3,0,0.5
footprint_cluster_strong,0,452,pair,73,289,0,544,1.0,0.53125,30965,800,370,0,370,339,0.0,0.0,1.0,0.3161925601750547,0.0,-0.2150574398249453,4,2141.664620101915,230,0.32870301839908267,0.9139319257410837,0.5613641688145827,0.9460799730472136,0.49530602644446053,0.9331129365842786,124,306,1.0
footprint_cluster_strong,0,460,pair,80,287,0,820,1.0,0.35,65654,800,492,0,492,459,0.0,0.0,1.0,0.21875,0.0,-0.13124999999999998,3,2248.6372110554416,209,0.22877880970181017,0.8905048846203312,0.47689116902770634,0.9181609780703642,0.4458489474054015,0.9101380256961381,77,231,1.1
coarse_then_align,0,331,hard,162,290,213,2773,0.2655172413793103,0.027767760548142804,4019,800,3,0,3,3,0.0,0.0,0.2655172413793103,0.027737752161383286,0.0,-3.000838675951828e-05,3,2587.1294893624863,72,0.538167753732278,0.8551047410759182,0.5989663138096553,0.8701098759970133,0.6139229129434881,0.8694630674134931,734,63,0.8
coarse_then_align,0,364,hard,22,292,2,290,0.9931506849315068,1.0,53,53,0,0,0,0,0.0,,0.9931506849315068,1.0,0.0,0.0,4,1798.9278831901565,335,0.7858429799791994,0.9634097050016863,0.8278010576344247,0.9707091690892525,,,50,3,0.5
coarse_then_align,0,371,hard,113,290,177,1507,0.3896551724137931,0.07498341074983411,6556,800,287,26,261,219,0.2,0.09059233449477352,0.4793103448275862,0.07748049052396878,0.08965517241379312,0.0024970797741346723,4,3604.2275632067767,138,0.378693441983161,0.8683700808552367,0.47181290388239017,0.8917988215276711,0.501657857320609,0.9061928916143333,415,98,0.9
coarse_then_align,0,379,collision,137,286,0,287,1.0,0.9965156794425087,26,26,0,0,0,0,0.0,,1.0,0.9965156794425087,0.0,0.0,4,2498.5420233170007,108,0.7772925695303192,0.9503946978248007,0.8071058318624408,0.9588416247805462,,,11,15,0.5
coarse_then_align,0,395,collision,42,291,6,511,0.979381443298969,0.5577299412915852,41807,800,179,1,178,170,0.0,0.00558659217877095,0.9828178694158075,0.4144927536231884,0.0034364261168384758,-0.14323718766839677,4,1663.2686498991836,295,0.35024123085269776,0.9263024051753074,0.48905216352104774,0.9497537803321018,0.5398382016045846,0.9356588243764563,137,484,1.0
coarse_then_align,0,402,collision,187,282,4,280,0.9858156028368794,0.9928571428571429,29,29,0,0,0,0,0.0,,0.9858156028368794,0.9928571428571429,0.0,0.0,4,2366.721938899952,26,0.7052616638613514,0.9560653029540678,0.7522086891814798,0.9609136724367202,,,21,8,0.5
coarse_then_align,0,412,easy,98,287,1,286,0.9965156794425087,1.0,1,1,0,0,0,0,0.0,,0.9965156794425087,1.0,0.0,0.0,4,1956.8113902630962,165,0.8303194170586037,0.9433673526545459,0.8479251562861603,0.9544893012083009,,,1,0,0.5
coarse_then_align,0,418,easy,12,293,0,728,1.0,0.4024725274725275,12361,800,351,0,351,342,0.0,0.0,1.0,0.2715477293790547,0.0,-0.1309247980934728,4,988.502003235861,351,0.4986083975392329,0.8713707100430345,0.61359054664137,0.91489144361916,0.6517802119225429,0.8844887335353611,172,277,0.9
coarse_then_align,0,428,pair,78,290,0,544,1.0,0.5330882352941176,45996,800,161,0,161,151,0.0,0.0,1.0,0.41134751773049644,0.0,-0.1217407175636212,4,2230.2520861473995,232,0.4162161784350442,0.9356980501081232,0.5918074297400244,0.9565430948831473,0.548854684862419,0.9471499258066062,249,390,1.0
coarse_then_align,0,437,pair,83,292,4,288,0.9863013698630136,1.0,0,0,0,0,0,0,0.0,,0.9863013698630136,1.0,0.0,0.0,2,2810.8751983197453,212,0.8956220940562616,0.9544125197294204,0.9134787720053117,0.9626969941250401,,,0,0,0.4
coarse_then_align,0,439,easy,54,286,0,286,1.0,1.0,3,3,0,0,0,0,0.0,,1.0,1.0,0.0,0.0,4,2045.8041660393706,272,0.8014394925895345,0.9658317265109302,0.8355983319241073,0.9716235731270567,,,3,0,0.5
coarse_then_align,0,452,pair,79,289,0,553,1.0,0.5226039783001808,41895,800,272,0,272,245,0.0,0.0,1.0,0.3503030303030303,0.0,-0.1723009479971505,4,2034.6920291483875,230,0.31960010509091097,0.9171115075986369,0.5644228420833197,0.9456278130101587,0.5195720355531135,0.9318701863160702,99,429,1.0
coarse_then_align,0,460,pair,86,287,0,769,1.0,0.3732119635890767,44564,800,237,0,237,215,0.0,0.0,1.0,0.2852882703777336,0.0,-0.08792369321134313,4,2034.6920291483875,209,0.2989052814802844,0.8917297612222763,0.5354938071409183,0.9267927440848911,0.47361116914891566,0.9064603413532906,147,416,1.0
vanilla,1,87,hard,29,286,116,365,0.5944055944055944,0.4657534246575342,16473,800,281,4,277,277,0.4,0.014234875444839857,0.6083916083916084,0.2693498452012384,0.013986013986014068,-0.19640357945629583,4,5262.75587304144,335,0.36700461210087454,0.9284531117820981,0.5009463981270412,0.9414300688128829,0.5068058802131414,0.9597252844356111,96,423,2.0
vanilla,1,121,hard,162,296,72,899,0.7567567567567568,0.24916573971078976,21148,800,455,1,454,448,0.0,0.002197802197802198,0.7601351351351351,0.16617429837518463,0.0033783783783782884,-0.08299144133560513,4,1291.4399609191896,71,0.28953902448363983,0.9756707354284568,0.44535298235835513,0.9801050606062729,0.5683326872108357,0.983820688878561,27,318,1.8
vanilla,1,147,hard,115,292,100,211,0.6575342465753424,0.909952606635071,470,470,47,31,16,16,0.2,0.6595744680851063,0.7636986301369864,0.8643410852713178,0.10616438356164393,-0.04561152136375324,4,1956.8113902630962,138,0.5915767557289591,0.9516040526178529,0.6616618720108427,0.9617418589708684,0.6871985872268345,0.9679020144539885,323,100,1.7
vanilla,1,158,collision,139,290,58,232,0.8,1.0,1089,800,28,25,3,3,0.0,0.8928571428571429,0.8862068965517241,0.9884615384615385,0.08620689655172409,-0.011538461538461497,2,2645.7187032297466,107,0.5315922864870852,0.9381475887319037,0.5981049285034759,0.9475053284142078,0.7052008439523101,0.958288448160032,605,167,1.8
vanilla,1,163,collision,90,294,252,421,0.14285714285714285,0.0997624703087886,60396,800,615,3,612,585,0.8,0.004878048780487805,0.15306122448979592,0.04343629343629344,0.010204081632653073,-0.05632617687249516,4,955.9762120244907,187,0.2872041844369364,0.9718061771994846,0.41709305232971666,0.9760768452690252,0.6660100203873858,0.979961833807349,3,182,2.0
vanilla,1,243,collision,39,294,50,625,0.8299319727891157,0.3904,67574,800,556,4,552,547,0.2,0.007194244604316547,0.8435374149659864,0.20999153259949196,0.013605442176870763,-0.18040846740050806,4,1679.5315455048685,315,0.2166178384051624,0.9337023785753483,0.3543058161314062,0.9494414391550869,0.44617467808386935,0.94642818907827,36,208,2.1
vanilla,1,270,easy,55,290,2,288,0.993103448275862,1.0,4,4,0,0,0,0,0.0,,0.993103448275862,1.0,0.0,0.0,2,2830.571933068565,271,0.7674072192749276,0.9210839268292829,0.81535281450722,0.9364985922039999,,,2,2,1.4
vanilla,1,278,pair,84,292,40,252,0.863013698630137,1.0,80,80,6,6,0,0,0.0,1.0,0.8835616438356164,1.0,0.020547945205479423,0.0,4,1875.0916025038805,212,0.6551843759870678,0.8971909618941518,0.739195266532189,0.9126163951334705,0.7307645167996669,0.9200183320202621,56,18,1.5
vanilla,1,285,pair,100,285,50,2285,0.8245614035087719,0.10284463894967177,70195,800,767,0,767,732,0.0,0.0,0.8245614035087719,0.07699868938401049,0.0,-0.02584594956566129,4,902.0367664927332,359,0.31434853806721047,0.9862034809303211,0.4311084824307966,0.9898738287143865,0.6372483371620329,0.9945173533960432,8,25,2.2
vanilla,1,297,easy,178,291,56,235,0.8075601374570447,1.0,31,31,1,1,0,0,0.0,1.0,0.8109965635738832,1.0,0.0034364261168384758,0.0,4,2141.664620101915,26,0.6889981910270313,0.9313509479862359,0.7507185074868739,0.9420540986458835,0.6913825582272066,0.9502225103861687,22,8,1.5
vanilla,1,307,easy,46,291,8,669,0.9725085910652921,0.42301943198804187,82511,800,274,0,274,255,0.0,0.0,0.9725085910652921,0.30010604453870626,0.0,-0.12291338744933561,4,999.6141401268444,295,0.29445223317963265,0.9363293856719301,0.415459595737215,0.9524188473919419,0.613344836899565,0.9456872844147427,10,516,2.1
vanilla,1,319,pair,83,294,232,1173,0.2108843537414966,0.05285592497868713,65920,800,789,1,788,755,0.8,0.0012674271229404308,0.21428571428571427,0.03211009174311927,0.003401360544217663,-0.020745833235567862,4,827.5899667505764,355,0.21000311110286735,0.9847358602068872,0.39925638772292293,0.9885685182936061,0.6665932415015655,0.9942950026673568,0,11,1.5
vanilla,1,331,pair,100,292,203,2285,0.3047945205479452,0.03894967177242888,70195,800,767,0,767,732,0.8,0.0,0.3047945205479452,0.029161205766710354,0.0,-0.009788466005718529,4,902.0367664927332,359,0.31434853806721047,0.9862034809303211,0.4311084824307966,0.9898738287143865,0.6372483371620329,0.9945173533960432,8,25,1.0
footprint_cluster_strong,1,87,hard,25,286,125,243,0.5629370629370629,0.6625514403292181,8280,800,259,5,254,251,0.4,0.019305019305019305,0.5804195804195804,0.33067729083665337,0.0174825174825175,-0.3318741494925647,4,4989.3151771571365,335,0.35330447915445634,0.9090715329123076,0.46807341828476173,0.9250800073503346,0.5001970858885809,0.940909796881452,100,441,0.9
footprint_cluster_strong,1,121,hard,137,296,240,1150,0.1891891891891892,0.04869565217391304,12,12,0,0,0,0,0.0,,0.1891891891891892,0.04869565217391304,0.0,0.0,4,2143.7868494042714,73,0.7955242134196532,0.9216226804621964,0.8131632092315684,0.9254235868153877,,,12,0,0.7
footprint_cluster_strong,1,147,hard,96,292,26,2201,0.910958904109589,0.12085415720127216,4320,800,127,3,124,79,0.2,0.023622047244094488,0.9212328767123288,0.11554982817869416,0.010273972602739767,-0.0053043290225779915,3,3671.8066846626643,138,0.37352322155393897,0.8833537895183252,0.47432422135555957,0.8978967562196699,0.502361288938786,0.9017060382312624,480,193,0.8
footprint_cluster_strong,1,158,collision,114,290,29,384,0.9,0.6796875,2688,800,34,18,16,16,0.0,0.5294117647058824,0.9620689655172414,0.6674641148325359,0.06206896551724139,-0.01222338516746413,4,2498.5420233170007,107,0.4732579493159875,0.9384898696925036,0.577170130851892,0.9497401579159968,0.6587755537968645,0.953781313222315,450,316,0.8
footprint_cluster_strong,1,163,collision,78,294,253,374,0.13945578231292516,0.10962566844919786,61454,800,631,4,627,582,0.6,0.006339144215530904,0.15306122448979592,0.04477611940298507,0.013605442176870763,-0.06484954904621279,4,926.8842599562549,187,0.2181113689739801,0.9665103719223045,0.3605004025995046,0.9733264345033014,0.6654772301539634,0.976573777632095,1,168,1.1
footprint_cluster_strong,1,243,collision,33,294,52,667,0.8231292517006803,0.36281859070464767,55961,800,521,1,520,496,0.0,0.0019193857965451055,0.826530612244898,0.20454545454545456,0.003401360544217691,-0.1582731361591931,4,1407.8077691921326,315,0.18683544273285174,0.9547786190706165,0.3145434542464859,0.9681758910317022,0.4987602867312375,0.9641163102094429,8,271,1.0
footprint_cluster_strong,1,270,easy,52,290,3,287,0.9896551724137931,1.0,5,5,0,0,0,0,0.0,,0.9896551724137931,1.0,0.0,0.0,2,2854.1078166913094,271,0.7540710614070542,0.9164970550620943,0.807350568744118,0.9346915392983851,,,2,3,0.4
footprint_cluster_strong,1,278,pair,73,292,35,257,0.8801369863013698,1.0,71,71,2,2,0,0,0.0,1.0,0.886986301369863,1.0,0.006849315068493178,0.0,4,1955.0944706915288,212,0.6735029965720438,0.8915256424185962,0.7385331185154884,0.9072790476887123,0.7069417437152599,0.9055619691650768,60,9,0.5
footprint_cluster_strong,1,285,pair,84,285,46,721,0.8385964912280702,0.3314840499306519,73826,800,785,0,785,748,0.6,0.0,0.8385964912280702,0.15869853917662682,0.0,-0.17278551075402507,4,908.9044447790023,344,0.15487184225368303,0.9740006464266753,0.32432345566875925,0.9800046246577265,0.6836003979794122,0.9925705010189771,0,15,2.1
footprint_cluster_strong,1,297,easy,153,291,0,329,1.0,0.8844984802431611,609,609,0,0,0,0,0.0,,1.0,0.8844984802431611,0.0,0.0,4,2114.694897336036,26,0.6250961044045134,0.9232757147235157,0.709380573721881,0.933420493822528,,,574,35,0.7
footprint_cluster_strong,1,307,easy,41,291,8,663,0.9725085910652921,0.42684766214177977,22767,800,182,0,182,166,0.0,0.0,0.9725085910652921,0.3349112426035503,0.0,-0.09193641953822945,4,1061.63719313724,295,0.27200536979375933,0.9373853680162805,0.4204516911273367,0.950185970975219,0.5933647137256784,0.9464880303105057,9,609,0.9
footprint_cluster_strong,1,319,pair,72,294,231,1153,0.21428571428571427,0.05464006938421509,63311,800,731,0,731,693,0.6,0.0,0.21428571428571427,0.03343949044585987,0.0,-0.021200578938355218,4,842.1359427846942,334,0.19512221294500579,0.9844359367864316,0.3990514049512547,0.9865705283819942,0.6634457836120068,0.9942818334709372,2,67,1.1
footprint_cluster_strong,1,331,pair,85,292,8,322,0.9726027397260274,0.8819875776397516,724,724,60,1,59,45,0.0,0.016666666666666666,0.976027397260274,0.7460732984293194,0.003424657534246589,-0.1359142792104322,3,4488.694933172439,165,0.21730318408112242,0.8526138894218492,0.34877442893243027,0.8735242913742297,0.29628039833943004,0.8701250241734255,325,339,1.8
coarse_then_align,1,87,hard,26,286,228,129,0.20279720279720279,0.4496124031007752,20790,800,299,22,277,275,0.6,0.07357859531772576,0.27972027972027974,0.18691588785046728,0.07692307692307696,-0.2626965152503079,4,4967.0909033751705,335,0.34105507859209494,0.9230284178841163,0.4662818646787633,0.9389989212500849,0.5051592394655099,0.9646832284477787,60,441,1.0
coarse_then_align,1,121,hard,138,296,83,944,0.7195945945945946,0.225635593220339,35011,800,543,1,542,529,0.0,0.001841620626151013,0.722972972972973,0.14391392064559516,0.0033783783783783994,-0.08172167257474383,4,1296.9960293646814,71,0.2881098474339313,0.9725784386584341,0.4216235217587288,0.9788053826191903,0.5686162864682601,0.9832653505845347,18,239,1.0
coarse_then_align,1,147,hard,100,292,25,2132,0.9143835616438356,0.125234521575985,11571,800,156,4,152,109,0.0,0.02564102564102564,0.928082191780822,0.11844405594405595,0.013698630136986356,-0.006790465631929046,4,3330.7868673224734,138,0.3765252102704585,0.8736063970837578,0.4731528473453858,0.8971712697064038,0.5103113149042745,0.898745060822611,497,147,0.8
coarse_then_align,1,158,collision,116,290,33,266,0.8862068965517241,0.9661654135338346,923,800,19,17,2,2,0.0,0.8947368421052632,0.9448275862068966,0.9614035087719298,0.05862068965517242,-0.004761904761904745,2,2810.8751983197453,107,0.5084224873453038,0.9406348556733434,0.6004344073994732,0.949466960580134,0.7196675519938386,0.9602186339679196,573,208,0.7
coarse_then_align,1,163,collision,83,294,256,367,0.1292517006802721,0.10354223433242507,46627,800,553,3,550,512,0.6,0.0054249547920434,0.13945578231292516,0.04456521739130435,0.010204081632653045,-0.05897701694112072,4,937.9963968472382,187,0.32821828484408866,0.9636294843974926,0.44514712714696003,0.9693473349370658,0.6757793133856148,0.9732164634123937,5,242,1.0
coarse_then_align,1,243,collision,33,294,54,750,0.8163265306122449,0.32,56134,800,603,4,599,571,0.2,0.006633499170812604,0.8299319727891157,0.180339985218034,0.013605442176870763,-0.13966001478196602,4,2110.450438731322,315,0.20454211014755527,0.9436394900667557,0.32880414546104336,0.9560396085455694,0.44761310168751034,0.9559776097629132,35,162,1.0
coarse_then_align,1,270,easy,49,290,4,286,0.9862068965517241,1.0,5,5,1,1,0,0,0.0,1.0,0.9896551724137931,1.0,0.0034482758620689724,0.0,2,2839.5618406571916,271,0.7735807024196826,0.9208052151758849,0.8137803708720881,0.9343505536243153,0.8661241077248327,0.9386827292197701,3,1,0.4
coarse_then_align,1,278,pair,77,292,76,218,0.7397260273972602,0.9908256880733946,51,51,13,13,0,0,0.0,1.0,0.7842465753424658,0.9913419913419913,0.044520547945205546,0.0005163032685967517,4,1730.0371518934917,212,0.7079243867486038,0.9098245269128606,0.7594779359880324,0.9207427295944518,0.7757751651982362,0.925636683614566,29,9,0.5
coarse_then_align,1,285,pair,87,285,50,698,0.8245614035087719,0.336676217765043,59433,800,684,2,682,538,0.2,0.0029239766081871343,0.8315789473684211,0.1714905933429812,0.007017543859649145,-0.16518562442206178,4,1430.9383430840871,166,0.1886419781494869,0.8464202200425446,0.3106993188999634,0.8792672657829996,0.5482910653675771,0.8806436863661267,6,110,1.2
coarse_then_align,1,297,easy,155,291,49,242,0.8316151202749141,1.0,51,51,0,0,0,0,0.0,,0.8316151202749141,1.0,0.0,0.0,4,2132.674712513289,26,0.6837587878928973,0.9241386464625192,0.7418092972453383,0.940174753173882,,,43,8,0.5
coarse_then_align,1,307,easy,41,291,208,993,0.2852233676975945,0.08358509566968782,71383,800,767,2,765,736,1.4,0.002607561929595828,0.2920962199312715,0.048295454545454544,0.006872852233677007,-0.03528964112423327,4,946.9863044358644,291,0.19833514862683368,0.9635510565090913,0.31465700860767604,0.9703294092047028,0.6532628017999517,0.9829270557512703,0,33,1.5
coarse_then_align,1,319,pair,78,294,246,279,0.16326530612244897,0.17204301075268819,52811,800,471,2,469,431,0.6,0.004246284501061571,0.17006802721088435,0.06666666666666667,0.006802721088435382,-0.10537634408602152,4,838.7021036415597,207,0.27044424644810866,0.9380008127546418,0.4117801292164621,0.9478281639212065,0.6753760676228618,0.9489086546284042,2,327,1.6
coarse_then_align,1,331,pair,88,292,49,300,0.8321917808219178,0.81,2738,800,115,12,103,78,0.0,0.10434782608695652,0.8732876712328768,0.6144578313253012,0.04109589041095896,-0.19554216867469887,4,4414.653443161073,165,0.23073734773565777,0.8499463710358364,0.3694666835368261,0.8717762592334551,0.3102036518063166,0.8681310771906416,381,304,0.9
vanilla,2,10,easy,81,291,32,273,0.8900343642611683,0.9487179487179487,237,236,15,15,0,0,0.0,1.0,0.9415807560137457,0.9513888888888888,0.05154639175257736,0.0026709401709401615,3,4889.210264489879,230,0.3384514136885848,0.7968794969083465,0.46153100074902725,0.823610971811813,0.4731010008731907,0.8277250429573244,215,6,1.6
vanilla,2,23,pair,98,286,206,847,0.27972027972027974,0.09445100354191263,58501,800,734,0,734,712,0.6,0.0,0.27972027972027974,0.05060088551549652,0.0,-0.04385011802641611,4,869.1056655505731,342,0.24563732473447145,0.9838532886834167,0.43375995402898315,0.9867035292181896,0.6919033977566048,0.9950878573531297,3,63,2.1
vanilla,2,35,easy,59,291,193,1528,0.33676975945017185,0.06413612565445026,55276,800,736,0,736,702,0.4,0.0,0.33676975945017185,0.04328621908127209,0.0,-0.020849906573178173,4,840.0137134823374,363,0.36354617289195307,0.9870660913689309,0.5338838312294211,0.9878583604234915,0.6980945839533527,0.9948946587053742,6,58,2.0
vanilla,2,38,easy,169,291,83,273,0.7147766323024055,0.7619047619047619,3968,800,37,26,11,8,0.0,0.7027027027027027,0.8041237113402062,0.7548387096774194,0.0893470790378007,-0.0070660522273424675,4,5364.172395549476,26,0.2931116262209686,0.8651687774638299,0.4116816514431375,0.8891705803376471,0.3968294184365865,0.8971642159932963,606,157,1.9
vanilla,2,55,pair,100,289,65,815,0.7750865051903114,0.2748466257668712,82995,800,735,53,682,565,0.2,0.07210884353741497,0.9584775086505191,0.17870967741935484,0.18339100346020765,-0.09613694834751635,4,1690.643682395852,165,0.1513067484514371,0.8466683765160488,0.332040963043489,0.8815140449495202,0.44388449838663985,0.8948859200232715,8,57,2.2
vanilla,2,64,pair,129,290,230,1254,0.20689655172413793,0.04784688995215311,44067,800,72,7,65,63,0.0,0.09722222222222222,0.23103448275862068,0.05052790346907994,0.02413793103448275,0.0026810135169268307,4,2790.773153840136,113,0.24858956509627292,0.9044388552670745,0.3858950657334991,0.9194184756975627,0.48232096674408836,0.9165922200996464,79,649,2.0
vanilla,2,85,pair,131,291,76,518,0.738831615120275,0.41505791505791506,26695,800,123,6,117,104,0.0,0.04878048780487805,0.7594501718213058,0.34477379095163807,0.020618556701030855,-0.07028412410627699,4,2366.721938899952,106,0.2807285610303069,0.8859126481877408,0.4121126641296161,0.9031113359360651,0.4652343829445026,0.8975146985708056,164,513,1.5
vanilla,2,418,hard,27,288,1,287,0.9965277777777778,1.0,111,111,0,0,0,0,0.0,,0.9965277777777778,1.0,0.0,0.0,4,2250.354130627009,334,0.7660553225050947,0.9354875984615585,0.7887087510566576,0.9463006881914234,,,109,2,1.3
vanilla,2,428,hard,151,289,1,746,0.9965397923875432,0.38605898123324395,11432,800,229,0,229,226,0.0,0.0,0.9965397923875432,0.2953846153846154,0.0,-0.09067436584862854,4,1216.993161177033,71,0.4218710607346623,0.9510231242038574,0.5324698791567102,0.9627245686780246,0.5988789097990014,0.9589236905928302,130,441,1.8
vanilla,2,437,hard,114,294,0,294,1.0,1.0,0,0,0,0,0,0,0.0,,1.0,1.0,0.0,0.0,2,2810.8751983197453,138,0.8672053500463379,0.9393359531606134,0.8877792030841866,0.952088128819368,,,0,0,1.4
vanilla,2,439,collision,47,285,0,378,1.0,0.753968253968254,41917,800,0,0,0,0,0.0,,1.0,0.753968253968254,0.0,0.0,3,1220.4270003201677,298,0.5666015886875261,0.9186932924786192,0.6851413482536076,0.9285795981196932,,,489,311,1.9
vanilla,2,452,collision,14,287,0,569,1.0,0.5043936731107206,33659,800,106,0,106,89,0.0,0.0,1.0,0.42518518518518517,0.0,-0.07920848792553542,4,978.2004858064572,352,0.4345296929555966,0.9248836049727721,0.5720375669304272,0.950464525362192,0.6454516924011653,0.9346577979809138,70,624,1.9
vanilla,2,460,collision,87,293,0,467,1.0,0.6274089935760171,32149,800,4,0,4,1,0.0,0.0,1.0,0.6220806794055201,0.0,-0.0053283141704969506,3,1998.7323987938826,209,0.5161203363104435,0.9216350330875432,0.6343336655860559,0.9374290804315099,0.588047607381271,0.9357180267029519,599,197,1.9
footprint_cluster_strong,2,10,easy,72,291,32,273,0.8900343642611683,0.9487179487179487,237,236,15,15,0,0,0.0,1.0,0.9415807560137457,0.9513888888888888,0.05154639175257736,0.0026709401709401615,3,4889.210264489879,230,0.3384514136885848,0.7968794969083465,0.46153100074902725,0.823610971811813,0.4731010008731907,0.8277250429573244,215,6,0.6
footprint_cluster_strong,2,23,pair,87,286,227,948,0.2062937062937063,0.06223628691983123,74403,800,766,0,766,690,1.4,0.0,0.2062937062937063,0.03442240373395566,0.0,-0.02781388318587557,4,840.0137134823374,355,0.15078496029104735,0.9820492071682603,0.34760622340534025,0.985982830087534,0.7095195506853311,0.9942177394443206,0,34,1.2
footprint_cluster_strong,2,35,easy,52,291,51,552,0.8247422680412371,0.43478260869565216,51135,800,708,7,701,576,0.0,0.009887005649717515,0.8487972508591065,0.19603174603174603,0.02405498281786944,-0.23875086266390613,4,4925.980514305964,272,0.21869509488240746,0.9080312477201016,0.35030735718515693,0.9336617213208648,0.4455202039697529,0.9304982424603697,8,84,2.1
footprint_cluster_strong,2,38,easy,159,291,261,1071,0.10309278350515463,0.028011204481792718,29955,800,116,1,115,91,0.2,0.008620689655172414,0.10652920962199312,0.02611625947767481,0.0034364261168384896,-0.0018949450041179094,3,2482.6844374421053,25,0.2634597698803077,0.9380333813452281,0.4011493360427685,0.9466583189324502,0.4242759979738983,0.9451274263123516,175,509,1.1
footprint_cluster_strong,2,55,pair,89,289,2,506,0.9930795847750865,0.567193675889328,10858,800,222,0,222,140,0.0,0.0,0.9930795847750865,0.3942307692307692,0.0,-0.1729629066585588,4,2040.2480975938793,165,0.3076789042863167,0.8206008282937631,0.43166104955504075,0.8519836476878446,0.44656029974929107,0.8406926170151661,199,379,0.8
footprint_cluster_strong,2,64,pair,115,290,230,1347,0.20689655172413793,0.044543429844097995,42293,800,70,7,63,52,0.2,0.1,0.23103448275862068,0.04728299223712068,0.02413793103448275,0.0027395623930226848,4,2777.5387876467958,113,0.24741173820640375,0.917644067934921,0.38280716589780656,0.9264398212367368,0.48586620870071257,0.9283258634457817,55,675,1.0
footprint_cluster_strong,2,85,pair,121,291,111,185,0.6185567010309279,0.972972972972973,658,657,33,32,1,1,0.2,0.9696969696969697,0.7285223367697594,0.9724770642201835,0.10996563573883156,-0.0004959087527894868,4,2810.8751983197453,108,0.46433169025441506,0.8698282336752118,0.5431097896212016,0.8869104004197773,0.5663475722061682,0.8983809769045238,517,107,0.8
footprint_cluster_strong,2,418,hard,23,288,0,290,1.0,0.993103448275862,98,98,0,0,0,0,0.0,,1.0,0.993103448275862,0.0,0.0,4,2250.354130627009,334,0.7613546966167783,0.9333616669058145,0.791009946484864,0.946302275926801,,,96,2,0.5
footprint_cluster_strong,2,428,hard,142,289,26,265,0.9100346020761245,0.9924528301886792,111,111,2,2,0,0,0.0,1.0,0.916955017301038,0.9925093632958801,0.00692041522491349,5.653310720088456e-05,4,2141.664620101915,70,0.6600774386216057,0.9622586008631178,0.7252084023855783,0.9680433633049954,0.7589513263534959,0.9675039845807317,91,18,0.5
footprint_cluster_strong,2,437,hard,98,294,0,294,1.0,1.0,0,0,0,0,0,0,0.0,,1.0,1.0,0.0,0.0,2,2810.8751983197453,138,0.8672053500463379,0.9393359531606134,0.8877792030841866,0.952088128819368,,,0,0,0.4
footprint_cluster_strong,2,439,collision,43,285,0,435,1.0,0.6551724137931034,28399,800,47,0,47,41,0.0,0.0,1.0,0.5912863070539419,0.0,-0.06388610673916151,4,1666.7024890423181,296,0.3810905376215553,0.9049631299791152,0.6259076863253343,0.9479245919688253,0.5603763520571112,0.9134274558922645,169,584,1.1
footprint_cluster_strong,2,452,collision,11,287,0,571,1.0,0.5026269702276708,66429,800,104,0,104,85,0.0,0.0,1.0,0.42518518518518517,0.0,-0.07744178504248561,4,972.6444173609655,352,0.41402373668030046,0.9242558363399761,0.5498176683882957,0.9497836432999499,0.6506683259603758,0.9338771237138699,49,647,1.1
footprint_cluster_strong,2,460,collision,78,293,0,466,1.0,0.628755364806867,52212,800,2,0,2,0,0.0,0.0,1.0,0.6260683760683761,0.0,-0.0026869887384909363,3,2045.8041660393706,209,0.5264064493081781,0.9244386227733623,0.6302482332222058,0.939465123683146,0.5482050756951677,0.9328042859468809,644,154,1.0
coarse_then_align,2,10,easy,75,291,101,212,0.6529209621993127,0.8962264150943396,266,265,31,31,0,0,0.0,1.0,0.7594501718213058,0.9094650205761317,0.10652920962199308,0.01323860548179201,3,4715.874481272833,230,0.4109588421642517,0.7894432016694477,0.5082221670421667,0.8215669364606881,0.5135748184949184,0.8190483184208945,214,20,0.6
coarse_then_align,2,23,pair,90,286,204,748,0.2867132867132867,0.10962566844919786,62630,800,619,1,618,503,0.4,0.0016155088852988692,0.2902097902097902,0.06071689831748354,0.003496503496503489,-0.04890877013171432,4,1050.5250562462568,168,0.28285272446510845,0.7802518137943055,0.42511771623451605,0.8046000609812438,0.6532487613269328,0.8247059161070958,2,179,1.5
coarse_then_align,2,35,easy,54,291,159,1631,0.4536082474226804,0.0809319435928878,54559,800,733,0,733,683,0.2,0.0,0.4536082474226804,0.05583756345177665,0.0,-0.02509438014111115,4,831.023805893711,363,0.3033231760467445,0.9873344452076459,0.5105140236748784,0.989490826970829,0.6916599600838033,0.9956988411967963,10,57,1.1
coarse_then_align,2,38,easy,157,291,90,247,0.6907216494845361,0.8137651821862348,3187,800,42,23,19,17,0.0,0.5476190476190477,0.7697594501718213,0.7750865051903114,0.07903780068728528,-0.03867867699592342,4,5270.434170789289,26,0.32599784563804846,0.8485819779223251,0.42596768223726966,0.878641790458708,0.40749404599236816,0.8787239242327555,653,105,0.9
coarse_then_align,2,55,pair,91,289,2,471,0.9930795847750865,0.6093418259023354,17486,800,191,0,191,121,0.0,0.0,0.9930795847750865,0.4335347432024169,0.0,-0.17580708269991852,4,2143.7868494042714,165,0.3276201951629786,0.8426145975611983,0.4703366133567132,0.8774293980538739,0.46248803918050896,0.8621172796674766,251,358,0.9
coarse_then_align,2,64,pair,116,290,234,1284,0.19310344827586207,0.04361370716510903,43092,800,61,11,50,47,0.2,0.18032786885245902,0.23103448275862068,0.04981412639405204,0.03793103448275861,0.006200419228943009,3,2786.5286952354218,113,0.24497744998358095,0.9120076575554625,0.3919759290806079,0.9228240936094334,0.4634479446497895,0.9233539824388296,60,679,1.0
coarse_then_align,2,85,pair,120,291,76,633,0.738831615120275,0.33965244865718797,11737,800,161,5,156,132,0.0,0.031055900621118012,0.7560137457044673,0.2770780856423174,0.01718213058419238,-0.06257436301487057,4,2591.3739479672,106,0.2848435588889282,0.895605176914453,0.4209305343661027,0.9125330980978641,0.43427274817119804,0.907106443999216,219,420,0.9
coarse_then_align,2,418,hard,24,288,1,287,0.9965277777777778,1.0,112,112,0,0,0,0,0.0,,0.9965277777777778,1.0,0.0,0.0,4,2250.354130627009,334,0.7623718976743742,0.9367735113271186,0.7880969018874101,0.9470930616330404,,,110,2,0.5
coarse_then_align,2,428,hard,139,289,1,772,0.9965397923875432,0.37305699481865284,46839,800,219,0,219,209,0.0,0.0,0.9965397923875432,0.29061553985872857,0.0,-0.08244145495992428,4,1955.0944706915288,70,0.2631417526328844,0.958710330070279,0.47877229756285933,0.9692834716796902,0.5331872653826452,0.9654686071715846,46,535,1.0
coarse_then_align,2,437,hard,102,294,0,294,1.0,1.0,0,0,0,0,0,0,0.0,,1.0,1.0,0.0,0.0,2,2810.8751983197453,138,0.8689476303301454,0.9418031961699167,0.8887782086319505,0.9539364472379486,,,0,0,0.4
coarse_then_align,2,439,collision,42,285,0,377,1.0,0.7559681697612732,23548,800,0,0,0,0,0.0,,1.0,0.7559681697612732,0.0,0.0,4,1216.993161177033,296,0.7116836493223013,0.9608326000161482,0.7155500020271451,0.9609202237284716,,,743,57,1.0
coarse_then_align,2,452,collision,13,287,0,574,1.0,0.5,50115,800,58,0,58,39,0.0,0.0,1.0,0.4541139240506329,0.0,-0.04588607594936711,4,963.6545097723392,352,0.3911662804144043,0.9226525444065184,0.5505778264945101,0.945415477358863,0.6607228390244958,0.932519518948503,37,705,1.0
coarse_then_align,2,460,collision,81,293,0,498,1.0,0.5883534136546185,34471,800,152,0,152,117,0.0,0.0,1.0,0.45076923076923076,0.0,-0.1375841828853877,3,2103.582760445053,209,0.3344854610186594,0.8848402305001515,0.5496895642684836,0.9218059260616638,0.48244304610860367,0.9000604833686555,202,446,1.0
vanilla,3,278,hard,26,295,10,1557,0.9661016949152542,0.18304431599229287,13503,800,161,1,160,158,0.0,0.006211180124223602,0.9694915254237289,0.16647264260768335,0.003389830508474634,-0.01657167338460952,4,1476.698500488798,336,0.4607039851075039,0.9459507302383531,0.559424617415047,0.9554575290522476,0.6074462625979579,0.9528279103735554,209,430,1.8
vanilla,3,285,hard,173,295,139,190,0.5288135593220339,0.8210526315789474,36659,800,25,4,21,18,0.0,0.16,0.5423728813559322,0.7441860465116279,0.013559322033898313,-0.07686658506731947,4,1407.402459461343,68,0.3335606022980867,0.9099765633911998,0.4100749424188598,0.9092726241976017,0.5298257184981696,0.9200693033744138,142,633,2.0
vanilla,3,297,hard,123,293,14,279,0.9522184300341296,1.0,159,159,1,1,0,0,0.0,1.0,0.9556313993174061,1.0,0.0034129692832765013,0.0,4,2045.8041660393706,138,0.6869262965530037,0.9234106559463352,0.7300496782411624,0.9399560193910392,0.7582092994670029,0.9408708093024585,143,15,1.5
vanilla,3,307,collision,13,276,3,879,0.9891304347826086,0.310580204778157,51831,800,600,0,600,565,0.0,0.0,0.9891304347826086,0.1845841784989858,0.0,-0.1259960262791712,4,908.9044447790023,351,0.28917339601406455,0.9665531101339164,0.46568597393101197,0.9712085313159147,0.6915919415407722,0.9743859730368531,4,196,2.0
vanilla,3,319,collision,110,287,29,470,0.8989547038327527,0.548936170212766,45553,800,251,6,245,198,0.0,0.02390438247011952,0.9198606271777003,0.36615811373092927,0.020905923344947674,-0.1827780564818367,4,5154.471672247135,166,0.12146392222555,0.8267937620852779,0.22952385646439036,0.8538803240247997,0.28212647695618265,0.8509470432503154,24,525,2.1
vanilla,3,331,collision,39,291,164,1379,0.436426116838488,0.09209572153734591,19624,800,323,0,323,297,0.0,0.0,0.436426116838488,0.0746180963572268,0.0,-0.01747762518011911,4,999.6141401268444,311,0.3885178827936101,0.9096004706235651,0.5035572230908846,0.9237914101836626,0.6058406786146583,0.9230481142053516,48,429,1.9
vanilla,3,345,easy,194,287,9,320,0.9686411149825784,0.86875,279,279,4,3,1,1,0.0,0.75,0.9790940766550522,0.8672839506172839,0.010452961672473782,-0.0014660493827161059,4,2366.721938899952,24,0.4924848626134984,0.9409640210676522,0.631821528934266,0.9516006766783693,0.6510756978814252,0.9510874914661683,188,87,1.6
vanilla,3,364,easy,49,297,5,326,0.9831649831649831,0.8957055214723927,906,800,3,3,0,0,0.0,1.0,0.9932659932659933,0.8966565349544073,0.010101010101010166,0.000951013482014651,4,1798.9278831901565,296,0.801976494407269,0.9543560600838727,0.7916995681989363,0.9542275561176721,0.8409914448406264,0.969905567572147,795,2,1.8
vanilla,3,371,pair,143,292,151,599,0.4828767123287671,0.2353923205342237,46030,800,646,9,637,619,0.6,0.01393188854489164,0.5136986301369864,0.12048192771084337,0.030821917808219246,-0.11491039282338034,4,1048.4028269438998,110,0.24990007312739895,0.9273452682957537,0.4100066420745172,0.9410670977206574,0.5921836211532232,0.9481574474857,9,145,2.0
vanilla,3,379,pair,88,293,3,290,0.9897610921501706,1.0,1,1,0,0,0,0,0.0,,0.9897610921501706,1.0,0.0,0.0,2,2781.78324625151,213,0.8080151129528812,0.9604827902810043,0.8429989497771736,0.9687345676075761,,,1,0,1.4
vanilla,3,395,easy,62,289,21,309,0.9273356401384083,0.8673139158576052,2774,800,0,0,0,0,0.0,,0.9273356401384083,0.8673139158576052,0.0,0.0,4,1407.402459461343,272,0.5180245549640781,0.950572105046624,0.6025247952611006,0.9577518489617478,,,433,367,1.8
vanilla,3,402,pair,141,294,3,292,0.9897959183673469,0.9965753424657534,39,39,0,0,0,0,0.0,,0.9897959183673469,0.9965753424657534,0.0,0.0,4,2141.664620101915,108,0.7626556846937972,0.9650096153129537,0.7929676160081952,0.9694469632643237,,,12,27,0.7
vanilla,3,412,pair,91,290,0,550,1.0,0.5272727272727272,12790,800,95,0,95,83,0.0,0.0,1.0,0.4496124031007752,0.0,-0.07766032417195201,4,1798.9278831901565,209,0.4039655393117848,0.8699240827169732,0.6301053691598643,0.9203971536325373,0.5349318546735735,0.8846736792032626,296,409,1.2
footprint_cluster_strong,3,278,hard,25,295,27,278,0.9084745762711864,0.9640287769784173,6794,800,58,16,42,41,0.0,0.27586206896551724,0.9627118644067797,0.8452380952380952,0.05423728813559325,-0.11879068174032203,4,1936.7093457834867,334,0.5193410183197866,0.8732924754087615,0.5997721921199675,0.8876181875796997,0.6633345943758605,0.893462640951161,497,245,1.0
footprint_cluster_strong,3,285,hard,146,295,217,869,0.26440677966101694,0.08975834292289989,2175,800,657,0,657,657,1.2,0.0,0.26440677966101694,0.05111402359108781,0.0,-0.038644319331812074,2,3196.8445536030677,71,0.5599866652764804,0.7873545600141201,0.6280352089886105,0.8301862012874824,0.7456101923533972,0.8325210236633537,62,81,1.0
footprint_cluster_strong,3,297,hard,100,293,2,293,0.9931740614334471,0.9931740614334471,2372,800,26,0,26,26,0.0,0.0,0.9931740614334471,0.9122257053291536,0.0,-0.08094835610429352,4,2076.613037679174,139,0.5857123033543988,0.9196050597796004,0.6572584825727424,0.9350407546511995,0.644657923572508,0.9293344055733995,218,556,0.8
footprint_cluster_strong,3,307,collision,12,276,3,865,0.9891304347826086,0.315606936416185,33959,800,715,0,715,669,0.0,0.0,0.9891304347826086,0.17278481012658228,0.0,-0.1428221262896027,4,931.128718560969,351,0.31504413296667033,0.9621253445676637,0.47715705428408917,0.9688365231559042,0.6788390347686682,0.9732561485973593,13,72,0.9
footprint_cluster_strong,3,319,collision,91,287,25,924,0.9128919860627178,0.28354978354978355,35624,800,767,0,767,707,0.0,0.0,0.9128919860627178,0.15493790656416323,0.0,-0.12861187698562032,4,787.3858777913574,359,0.3447544521799163,0.9860964296992442,0.5297174256567365,0.989775667718012,0.7048894172805469,0.9947019152623693,6,27,1.7
footprint_cluster_strong,3,331,collision,35,291,162,135,0.44329896907216493,0.9555555555555556,20309,800,203,58,145,128,0.2,0.2857142857142857,0.6426116838487973,0.5532544378698225,0.19931271477663237,-0.40230111768573307,4,4365.864756344017,314,0.1773541690313704,0.8719347343104912,0.3024351614021845,0.8854166805830108,0.31483661630270166,0.8896413605742202,251,346,1.4
footprint_cluster_strong,3,345,easy,165,287,4,339,0.9860627177700348,0.8348082595870207,1439,800,3,0,3,3,0.0,0.0,0.9860627177700348,0.827485380116959,0.0,-0.007322879470061605,4,2114.694897336036,26,0.5758150862251226,0.9434973060190028,0.6567347473046264,0.9487117816820815,0.6457641815689948,0.9464302222043605,576,221,1.0
footprint_cluster_strong,3,364,easy,41,297,94,234,0.6835016835016835,0.8675213675213675,92,92,62,62,0,0,0.0,1.0,0.8922558922558923,0.8952702702702703,0.2087542087542088,0.027748902748902737,4,1708.6234975731045,296,0.8094263640030501,0.9566417100820559,0.8166859199022829,0.959765958908928,0.8635187174420186,0.9725000498926875,27,3,0.5
footprint_cluster_strong,3,371,pair,117,292,47,1099,0.839041095890411,0.2229299363057325,11935,800,132,6,126,101,0.0,0.045454545454545456,0.8595890410958904,0.20389926888708368,0.020547945205479423,-0.01903066741864881,2,2944.8175120391516,110,0.3086709905977572,0.8083378029051027,0.40869145081116887,0.8374912814536781,0.4696558178596739,0.8366158882237262,402,266,0.8
footprint_cluster_strong,3,379,pair,78,293,1,292,0.9965870307167235,1.0,0,0,0,0,0,0,0.0,,0.9965870307167235,1.0,0.0,0.0,3,2645.7187032297466,213,0.7970915228924063,0.9619029638781417,0.8392259703212499,0.9692987895277081,,,0,0,0.4
footprint_cluster_strong,3,395,easy,49,289,9,419,0.9688581314878892,0.6682577565632458,8962,800,13,1,12,12,0.0,0.07692307692307693,0.972318339100346,0.6504629629629629,0.0034602076124568004,-0.01779479360028291,4,1661.1464205968266,272,0.46504968909252775,0.9328991798413845,0.56510552898391,0.9484937424863867,0.589411030141698,0.9404562943468208,417,370,0.8
footprint_cluster_strong,3,402,pair,115,294,0,314,1.0,0.9363057324840764,56,56,0,0,0,0,0.0,,1.0,0.9363057324840764,0.0,0.0,4,2366.721938899952,108,0.7638398785446251,0.9622437054713642,0.7952687787280814,0.9652376940265475,,,38,18,0.5
footprint_cluster_strong,3,412,pair,79,290,0,585,1.0,0.49572649572649574,26542,800,30,0,30,30,0.0,0.0,1.0,0.4715447154471545,0.0,-0.02418178027934126,4,1578.1150229968334,209,0.46493054761907604,0.8825684372252979,0.6626582032832081,0.9214406287823461,0.575420155493789,0.8943548390275261,365,405,0.9
coarse_then_align,3,278,hard,25,295,147,148,0.5016949152542373,1.0,1284,800,46,37,9,9,0.0,0.8043478260869565,0.6271186440677966,0.9536082474226805,0.12542372881355934,-0.046391752577319534,4,1501.5459939523193,334,0.6094510673791842,0.8965516140964054,0.6683319568018465,0.9101986670408898,0.7239414932996346,0.9117008759719368,564,190,0.8
coarse_then_align,3,285,hard,156,295,201,876,0.31864406779661014,0.10730593607305935,1724,800,570,0,570,570,1.2,0.0,0.31864406779661014,0.06500691562932227,0.0,-0.04229902044373708,2,3209.2683003348284,71,0.5116970615954359,0.795201621542418,0.6008272939320115,0.8290197246045345,0.7566660688029647,0.8311601628793396,36,194,0.8
coarse_then_align,3,297,hard,112,293,17,276,0.9419795221843004,1.0,145,145,0,0,0,0,0.0,,0.9419795221843004,1.0,0.0,0.0,4,2045.8041660393706,138,0.6805309709089596,0.9210227756169616,0.7245572035696275,0.9377019858609345,,,127,18,0.5
coarse_then_align,3,307,collision,13,276,3,819,0.9891304347826086,0.3333333333333333,36405,800,503,0,503,481,0.0,0.0,0.9891304347826086,0.2065052950075643,0.0,-0.12682803832576903,4,907.5928349382248,351,0.2972134099065674,0.9623113379585047,0.47890464299277513,0.9678290713882586,0.6752795048543807,0.9695233782063954,12,285,0.9
coarse_then_align,3,319,collision,101,287,45,1082,0.8432055749128919,0.22365988909426987,47956,800,693,1,692,635,0.0,0.001443001443001443,0.8466898954703833,0.13690140845070423,0.0034843205574913716,-0.08675848064356564,4,807.4879222709669,347,0.36472141541155056,0.9883968422679021,0.5226968114628686,0.990840848922262,0.6943047397550973,0.9944773496494479,12,95,1.4
coarse_then_align,3,331,collision,38,291,183,979,0.3711340206185567,0.11031664964249234,19548,800,224,1,223,203,0.0,0.004464285714285714,0.3745704467353952,0.09060681629260182,0.0034364261168384758,-0.019709833349890515,4,1035.9790802121388,311,0.38809756108471205,0.8574439108684874,0.5211072426433006,0.8824683299468571,0.607435335998061,0.8753448299342889,57,519,0.9
coarse_then_align,3,345,easy,176,287,14,315,0.9512195121951219,0.8666666666666667,657,657,9,4,5,5,0.0,0.4444444444444444,0.9651567944250871,0.8549382716049383,0.013937282229965153,-0.011728395061728403,3,2366.721938899952,24,0.4876142243981286,0.9426883751771314,0.6167238589202079,0.9517396825075654,0.6251406520030789,0.9534908837875727,437,211,0.7
coarse_then_align,3,364,easy,45,297,4,324,0.9865319865319865,0.904320987654321,35,35,1,1,0,0,0.0,1.0,0.98989898989899,0.9046153846153846,0.0033670033670034627,0.00029439696106359214,4,2045.8041660393706,296,0.7769077841230131,0.9567689311601368,0.8012630455997364,0.960154843680024,0.868650653171485,0.9691281465217361,33,1,0.5
coarse_then_align,3,371,pair,128,292,171,620,0.4143835616438356,0.19516129032258064,36492,800,471,3,468,454,0.8,0.006369426751592357,0.4246575342465753,0.11365719523373052,0.010273972602739712,-0.08150409508885012,4,1186.5895992680198,108,0.32656324741608966,0.9444612768999052,0.4615817910742671,0.9546606979401411,0.6149904924414266,0.9559431445562759,33,296,1.0
coarse_then_align,3,379,pair,88,293,4,289,0.9863481228668942,1.0,0,0,0,0,0,0,0.0,,0.9863481228668942,1.0,0.0,0.0,4,2745.0129964354255,213,0.8061392112652268,0.9584596560430275,0.8410352551322167,0.966971589918605,,,0,0,0.5
coarse_then_align,3,395,easy,55,289,45,261,0.8442906574394463,0.9348659003831418,2155,800,14,14,0,0,0.0,1.0,0.8927335640138409,0.9381818181818182,0.04844290657439454,0.00331591779867646,4,1492.5560863636933,272,0.5466632338590158,0.9444552776527069,0.6122806169837515,0.9527609208373855,0.6965134312782991,0.9592463501317601,482,304,0.8
coarse_then_align,3,402,pair,129,294,3,293,0.9897959183673469,0.9931740614334471,66,66,0,0,0,0,0.0,,0.9897959183673469,0.9931740614334471,0.0,0.0,4,2141.664620101915,108,0.7240233965254448,0.9593659607179693,0.773964824252771,0.9655392365109575,,,29,37,0.5
coarse_then_align,3,412,pair,89,290,0,565,1.0,0.5132743362831859,37718,800,235,0,235,216,0.0,0.0,1.0,0.3625,0.0,-0.15077433628318587,4,1500.2343841115417,209,0.3858215617607308,0.8616001508823381,0.6016487283362395,0.9161749188531578,0.5397383799357647,0.8794200629372734,202,363,0.9
