config,metric,scope,n,vanilla,patched,diff,wins,losses,p,clears_noise
subsample_align,recall,ALL,52,0.7937,0.7654,-0.0283,16,22,0.1392,yes
subsample_align,recall,easy,12,0.8828,0.881,-0.0018,5,5,0.7836,yes
subsample_align,recall,hard,12,0.7641,0.7061,-0.058,2,8,0.0167,NO
subsample_align,recall,collision,12,0.8316,0.8151,-0.0165,4,2,0.45,yes
subsample_align,recall,pair,16,0.7205,0.6857,-0.0347,5,7,0.1953,yes
subsample_align,precision,ALL,52,0.5998,0.5719,-0.0279,16,24,0.2738,n/a
subsample_align,precision,easy,12,0.7645,0.8219,0.0574,5,4,0.6374,n/a
subsample_align,precision,hard,12,0.5926,0.6102,0.0176,4,4,0.6938,n/a
subsample_align,precision,collision,12,0.5939,0.4042,-0.1897,2,9,0.0207,n/a
subsample_align,precision,pair,16,0.4863,0.4817,-0.0046,5,7,0.6411,n/a
coarse_then_align,recall,ALL,52,0.7937,0.7705,-0.0231,12,22,0.1252,yes
coarse_then_align,recall,easy,12,0.8828,0.8066,-0.0763,3,7,0.1696,yes
coarse_then_align,recall,hard,12,0.7641,0.6867,-0.0774,2,6,0.1563,NO
coarse_then_align,recall,collision,12,0.8316,0.8334,0.0017,3,4,0.8433,yes
coarse_then_align,recall,pair,16,0.7205,0.7593,0.0388,4,5,1.0,yes
coarse_then_align,precision,ALL,52,0.5998,0.5838,-0.016,18,25,0.355,n/a
coarse_then_align,precision,easy,12,0.7645,0.7486,-0.0159,5,4,0.8137,n/a
coarse_then_align,precision,hard,12,0.5926,0.532,-0.0606,3,5,0.3864,n/a
coarse_then_align,precision,collision,12,0.5939,0.5374,-0.0565,4,8,0.0923,n/a
coarse_then_align,precision,pair,16,0.4863,0.5339,0.0476,6,8,0.7367,n/a
amplitude_normalize,recall,ALL,52,0.7937,0.7598,-0.0339,13,29,0.0119,yes
amplitude_normalize,recall,easy,12,0.8828,0.8762,-0.0066,5,6,0.8445,yes
amplitude_normalize,recall,hard,12,0.7641,0.815,0.0509,4,7,0.5049,NO
amplitude_normalize,recall,collision,12,0.8316,0.7561,-0.0755,1,6,0.0632,yes
amplitude_normalize,recall,pair,16,0.7205,0.6338,-0.0867,3,10,0.0409,yes
amplitude_normalize,precision,ALL,52,0.5998,0.6259,0.026,11,29,0.0881,n/a
amplitude_normalize,precision,easy,12,0.7645,0.7969,0.0324,2,6,0.2702,n/a
amplitude_normalize,precision,hard,12,0.5926,0.6565,0.064,3,5,0.8132,n/a
amplitude_normalize,precision,collision,12,0.5939,0.5758,-0.0181,3,8,0.367,n/a
amplitude_normalize,precision,pair,16,0.4863,0.5121,0.0258,3,10,0.255,n/a
align_and_amp_norm,recall,ALL,52,0.7937,0.7706,-0.0231,16,27,0.1098,yes
align_and_amp_norm,recall,easy,12,0.8828,0.8526,-0.0302,5,6,0.6101,yes
align_and_amp_norm,recall,hard,12,0.7641,0.831,0.0668,5,6,0.7536,NO
align_and_amp_norm,recall,collision,12,0.8316,0.791,-0.0406,2,6,0.2375,yes
align_and_amp_norm,recall,pair,16,0.7205,0.6484,-0.0721,4,9,0.0977,yes
align_and_amp_norm,precision,ALL,52,0.5998,0.6058,0.006,15,25,0.1984,n/a
align_and_amp_norm,precision,easy,12,0.7645,0.791,0.0265,3,6,0.2714,n/a
align_and_amp_norm,precision,hard,12,0.5926,0.6346,0.0421,4,4,0.9372,n/a
align_and_amp_norm,precision,collision,12,0.5939,0.5213,-0.0726,4,7,0.1955,n/a
align_and_amp_norm,precision,pair,16,0.4863,0.5086,0.0223,4,8,0.5342,n/a
coarse_align_amp_norm,recall,ALL,52,0.7937,0.7575,-0.0362,13,26,0.0225,yes
coarse_align_amp_norm,recall,easy,12,0.8828,0.857,-0.0258,5,5,0.7836,yes
coarse_align_amp_norm,recall,hard,12,0.7641,0.7391,-0.025,3,7,0.2091,NO
coarse_align_amp_norm,recall,collision,12,0.8316,0.7516,-0.0801,1,7,0.0335,yes
coarse_align_amp_norm,recall,pair,16,0.7205,0.701,-0.0194,4,7,0.3371,yes
coarse_align_amp_norm,precision,ALL,52,0.5998,0.6224,0.0226,17,26,0.48,n/a
coarse_align_amp_norm,precision,easy,12,0.7645,0.7622,-0.0023,5,5,0.7836,n/a
coarse_align_amp_norm,precision,hard,12,0.5926,0.7128,0.1203,4,4,0.6938,n/a
coarse_align_amp_norm,precision,collision,12,0.5939,0.5583,-0.0355,3,9,0.2661,n/a
coarse_align_amp_norm,precision,pair,16,0.4863,0.4979,0.0116,5,8,0.8766,n/a
footprint_cluster,recall,ALL,52,0.7937,0.7708,-0.0229,19,17,0.9127,yes
footprint_cluster,recall,easy,12,0.8828,0.8617,-0.0212,3,5,0.5287,yes
footprint_cluster,recall,hard,12,0.7641,0.6995,-0.0646,5,4,0.8137,NO
footprint_cluster,recall,collision,12,0.8316,0.8054,-0.0262,3,3,0.9683,yes
footprint_cluster,recall,pair,16,0.7205,0.73,0.0096,8,5,0.6046,yes
footprint_cluster,precision,ALL,52,0.5998,0.6542,0.0544,26,12,0.0102,n/a
footprint_cluster,precision,easy,12,0.7645,0.8668,0.1023,6,2,0.1153,n/a
footprint_cluster,precision,hard,12,0.5926,0.609,0.0164,5,3,0.5287,n/a
footprint_cluster,precision,collision,12,0.5939,0.5716,-0.0223,6,4,0.666,n/a
footprint_cluster,precision,pair,16,0.4863,0.5906,0.1044,9,3,0.0227,n/a
footprint_cluster_strong,recall,ALL,52,0.7937,0.8119,0.0182,25,13,0.1042,yes
footprint_cluster_strong,recall,easy,12,0.8828,0.8682,-0.0146,4,3,0.782,yes
footprint_cluster_strong,recall,hard,12,0.7641,0.7363,-0.0278,5,6,0.5049,NO
footprint_cluster_strong,recall,collision,12,0.8316,0.8501,0.0185,6,2,0.0701,yes
footprint_cluster_strong,recall,pair,16,0.7205,0.7977,0.0772,10,2,0.0383,yes
footprint_cluster_strong,precision,ALL,52,0.5998,0.6214,0.0216,17,27,0.348,n/a
footprint_cluster_strong,precision,easy,12,0.7645,0.7263,-0.0382,3,6,0.3458,n/a
footprint_cluster_strong,precision,hard,12,0.5926,0.655,0.0624,4,6,0.9063,n/a
footprint_cluster_strong,precision,collision,12,0.5939,0.5712,-0.0227,4,8,0.2036,n/a
footprint_cluster_strong,precision,pair,16,0.4863,0.5554,0.0691,6,7,0.836,n/a
