config,replicate,unit,tier,cluster,n_true,n_missed,n_misfiled,n_undetected,n_accepted,rec_misfiled,rec_undetected
vanilla,0,331,hard,179,290,216,181,35,7,0,0
vanilla,0,364,hard,30,292,2,2,0,0,0,0
vanilla,0,371,hard,130,290,153,106,47,257,22,12
vanilla,0,379,collision,153,286,9,9,0,3,3,0
vanilla,0,395,collision,53,291,21,21,0,9,7,0
vanilla,0,402,collision,202,282,4,4,0,0,0,0
vanilla,0,437,pair,96,292,4,4,0,0,0,0
vanilla,0,460,pair,97,287,36,36,0,5,5,0
footprint_cluster_strong,0,331,hard,152,290,85,79,6,264,14,0
footprint_cluster_strong,0,371,hard,108,290,177,112,65,240,24,8
footprint_cluster_strong,0,402,collision,171,282,2,2,0,0,0,0
footprint_cluster_strong,0,437,pair,77,292,1,1,0,0,0,0
coarse_then_align,0,331,hard,162,290,213,171,42,3,0,0
coarse_then_align,0,364,hard,22,292,2,2,0,0,0,0
coarse_then_align,0,371,hard,113,290,177,133,44,287,23,3
coarse_then_align,0,395,collision,42,291,6,6,0,179,1,0
coarse_then_align,0,402,collision,187,282,4,3,1,0,0,0
coarse_then_align,0,412,easy,98,287,1,1,0,0,0,0
coarse_then_align,0,437,pair,83,292,4,4,0,0,0,0
vanilla,1,87,hard,29,286,116,94,22,281,4,0
vanilla,1,121,hard,162,296,72,51,21,455,1,0
vanilla,1,147,hard,115,292,100,99,1,47,31,0
vanilla,1,158,collision,139,290,58,58,0,28,25,0
vanilla,1,163,collision,90,294,252,183,69,615,3,0
vanilla,1,243,collision,39,294,50,41,9,556,2,2
vanilla,1,270,easy,55,290,2,2,0,0,0,0
vanilla,1,278,pair,84,292,40,40,0,6,6,0
vanilla,1,285,pair,100,285,50,35,15,767,0,0
vanilla,1,297,easy,178,291,56,56,0,1,1,0
vanilla,1,307,easy,46,291,8,6,2,274,0,0
vanilla,1,319,pair,83,294,232,168,64,789,1,0
vanilla,1,331,pair,100,292,203,168,35,767,0,0
footprint_cluster_strong,1,87,hard,25,286,125,99,26,259,5,0
footprint_cluster_strong,1,121,hard,137,296,240,152,88,0,0,0
footprint_cluster_strong,1,147,hard,96,292,26,24,2,127,3,0
footprint_cluster_strong,1,158,collision,114,290,29,29,0,34,18,0
footprint_cluster_strong,1,163,collision,78,294,253,178,75,631,4,0
footprint_cluster_strong,1,243,collision,33,294,52,39,13,521,0,1
footprint_cluster_strong,1,270,easy,52,290,3,3,0,0,0,0
footprint_cluster_strong,1,278,pair,73,292,35,35,0,2,2,0
footprint_cluster_strong,1,285,pair,84,285,46,27,19,785,0,0
footprint_cluster_strong,1,307,easy,41,291,8,4,4,182,0,0
footprint_cluster_strong,1,319,pair,72,294,231,164,67,731,0,0
footprint_cluster_strong,1,331,pair,85,292,8,8,0,60,1,0
coarse_then_align,1,87,hard,26,286,228,163,65,299,15,7
coarse_then_align,1,121,hard,138,296,83,57,26,543,1,0
coarse_then_align,1,147,hard,100,292,25,23,2,156,4,0
coarse_then_align,1,158,collision,116,290,33,33,0,19,17,0
coarse_then_align,1,163,collision,83,294,256,178,78,553,3,0
coarse_then_align,1,243,collision,33,294,54,43,11,603,2,2
coarse_then_align,1,270,easy,49,290,4,4,0,1,1,0
coarse_then_align,1,278,pair,77,292,76,76,0,13,13,0
coarse_then_align,1,285,pair,87,285,50,29,21,684,1,1
coarse_then_align,1,297,easy,155,291,49,49,0,0,0,0
coarse_then_align,1,307,easy,41,291,208,164,44,767,2,0
coarse_then_align,1,319,pair,78,294,246,163,83,471,2,0
coarse_then_align,1,331,pair,88,292,49,48,1,115,12,0
vanilla,2,10,easy,81,291,32,20,12,15,9,6
vanilla,2,23,pair,98,286,206,142,64,734,0,0
vanilla,2,35,easy,59,291,193,155,38,736,0,0
vanilla,2,38,easy,169,291,83,60,23,37,18,8
vanilla,2,55,pair,100,289,65,43,22,735,36,17
vanilla,2,64,pair,129,290,230,167,63,72,7,0
vanilla,2,85,pair,131,291,76,57,19,123,5,1
vanilla,2,418,hard,27,288,1,1,0,0,0,0
vanilla,2,428,hard,151,289,1,1,0,229,0,0
footprint_cluster_strong,2,10,easy,72,291,32,22,10,15,10,5
footprint_cluster_strong,2,23,pair,87,286,227,142,85,766,0,0
footprint_cluster_strong,2,35,easy,52,291,51,38,13,708,7,0
footprint_cluster_strong,2,38,easy,159,291,261,171,90,116,1,0
footprint_cluster_strong,2,55,pair,89,289,2,1,1,222,0,0
footprint_cluster_strong,2,64,pair,115,290,230,155,75,70,6,1
footprint_cluster_strong,2,85,pair,121,291,111,101,10,33,29,3
footprint_cluster_strong,2,428,hard,142,289,26,26,0,2,2,0
coarse_then_align,2,10,easy,75,291,101,63,38,31,17,14
coarse_then_align,2,23,pair,90,286,204,113,91,619,1,0
coarse_then_align,2,35,easy,54,291,159,115,44,733,0,0
coarse_then_align,2,38,easy,157,291,90,69,21,42,17,6
coarse_then_align,2,55,pair,91,289,2,1,1,191,0,0
coarse_then_align,2,64,pair,116,290,234,155,79,61,11,0
coarse_then_align,2,85,pair,120,291,76,57,19,161,4,1
coarse_then_align,2,418,hard,24,288,1,1,0,0,0,0
coarse_then_align,2,428,hard,139,289,1,1,0,219,0,0
vanilla,3,278,hard,26,295,10,8,2,161,1,0
vanilla,3,285,hard,173,295,139,117,22,25,4,0
vanilla,3,297,hard,123,293,14,14,0,1,1,0
vanilla,3,307,collision,13,276,3,3,0,600,0,0
vanilla,3,319,collision,110,287,29,27,2,251,5,1
vanilla,3,331,collision,39,291,164,135,29,323,0,0
vanilla,3,345,easy,194,287,9,9,0,4,3,0
vanilla,3,364,easy,49,297,5,5,0,3,3,0
vanilla,3,371,pair,143,292,151,125,26,646,9,0
vanilla,3,379,pair,88,293,3,3,0,0,0,0
vanilla,3,395,easy,62,289,21,21,0,0,0,0
vanilla,3,402,pair,141,294,3,3,0,0,0,0
footprint_cluster_strong,3,278,hard,25,295,27,27,0,58,16,0
footprint_cluster_strong,3,285,hard,146,295,217,155,62,657,0,0
footprint_cluster_strong,3,297,hard,100,293,2,2,0,26,0,0
footprint_cluster_strong,3,307,collision,12,276,3,2,1,715,0,0
footprint_cluster_strong,3,319,collision,91,287,25,19,6,767,0,0
footprint_cluster_strong,3,331,collision,35,291,162,131,31,203,52,6
footprint_cluster_strong,3,345,easy,165,287,4,4,0,3,0,0
footprint_cluster_strong,3,364,easy,41,297,94,94,0,62,62,0
footprint_cluster_strong,3,371,pair,117,292,47,30,17,132,5,1
footprint_cluster_strong,3,379,pair,78,293,1,1,0,0,0,0
footprint_cluster_strong,3,395,easy,49,289,9,8,1,13,1,0
coarse_then_align,3,278,hard,25,295,147,145,2,46,37,0
coarse_then_align,3,285,hard,156,295,201,140,61,570,0,0
coarse_then_align,3,297,hard,112,293,17,17,0,0,0,0
coarse_then_align,3,307,collision,13,276,3,2,1,503,0,0
coarse_then_align,3,319,collision,101,287,45,38,7,693,1,0
coarse_then_align,3,331,collision,38,291,183,143,40,224,1,0
coarse_then_align,3,345,easy,176,287,14,14,0,9,4,0
coarse_then_align,3,364,easy,45,297,4,4,0,1,1,0
coarse_then_align,3,371,pair,128,292,171,147,24,471,3,0
coarse_then_align,3,379,pair,88,293,4,4,0,0,0,0
coarse_then_align,3,395,easy,55,289,45,43,2,14,14,0
coarse_then_align,3,402,pair,129,294,3,3,0,0,0,0
