config,replicate,unit,tier,pair_id,n_true,site_noise_uv,site_max_neighbor_uv,site_density,dest_ntrode,contam_pct,matched_cluster,n_matched,recall,precision,n_fragments,recall_close,recall_far,n_total_clusters
vanilla,0,331,hard,-1,290,20.66,333.8,7791,1395,8.9,179,74,0.2552,0.0267,3,,,216
vanilla,0,364,hard,-1,292,20.41,222.9,25598,1131,0.0,30,290,0.9932,1.0,2,,,216
vanilla,0,371,hard,-1,290,21.65,466.5,21141,1327,4.0,130,137,0.4724,0.0687,1,,,216
vanilla,0,379,collision,-1,286,17.8,48.2,10317,1358,0.0,153,277,0.9685,1.0,3,0.975,0.9639,216
vanilla,0,395,collision,-1,291,19.12,47.4,12955,1170,0.7,53,270,0.9278,0.7988,4,0.9242,0.9308,216
vanilla,0,402,collision,-1,282,18.01,66.0,2905,1440,1.2,202,278,0.9858,1.0,3,0.9697,1.0,216
vanilla,0,412,easy,-1,287,14.45,22.9,9174,1300,0.0,114,287,1.0,0.3479,3,,,216
vanilla,0,418,easy,-1,293,14.86,45.1,4352,1114,0.0,15,293,1.0,0.9966,3,,,216
vanilla,0,428,pair,1,290,18.08,34.6,4741,1233,0.0,89,290,1.0,0.5503,2,,,216
vanilla,0,437,pair,0,292,16.06,29.0,3965,1253,0.0,96,288,0.9863,1.0,4,,,216
vanilla,0,439,easy,-1,286,16.05,29.4,15907,1194,0.0,65,286,1.0,1.0,2,,,216
vanilla,0,452,pair,1,289,16.06,25.6,3722,1236,4.1,90,289,1.0,0.4439,1,,,216
vanilla,0,460,pair,0,287,16.8,31.7,4742,1256,0.0,97,251,0.8746,1.0,4,,,216
vanilla,1,87,hard,-1,286,20.41,222.9,26002,1131,7.3,29,170,0.5944,0.4658,2,,,192
vanilla,1,121,hard,-1,296,20.66,333.8,6567,1395,2.9,162,224,0.7568,0.2492,1,,,192
vanilla,1,147,hard,-1,292,21.65,466.5,18759,1327,0.0,115,192,0.6575,0.91,3,,,192
vanilla,1,158,collision,-1,290,17.8,48.2,8129,1358,0.0,139,232,0.8,1.0,5,0.7881,0.8081,192
vanilla,1,163,collision,-1,294,18.29,44.3,1389,1278,0.9,90,42,0.1429,0.0998,3,0.1789,0.117,192
vanilla,1,243,collision,-1,294,19.22,70.0,4161,1151,3.1,39,244,0.8299,0.3904,3,0.8182,0.8395,192
vanilla,1,270,easy,-1,290,16.05,29.4,12511,1194,0.6,55,288,0.9931,1.0,6,,,192
vanilla,1,278,pair,1,292,16.06,29.0,3520,1253,0.0,84,252,0.863,1.0,3,,,192
vanilla,1,285,pair,0,285,14.31,32.1,8556,1297,2.7,100,235,0.8246,0.1028,3,,,192
vanilla,1,297,easy,-1,291,18.01,66.0,2330,1440,0.0,178,235,0.8076,1.0,3,,,192
vanilla,1,307,easy,-1,291,19.12,47.4,6713,1170,4.8,46,283,0.9725,0.423,1,,,192
vanilla,1,319,pair,1,294,16.8,31.7,4042,1256,5.1,83,62,0.2109,0.0529,3,,,192
vanilla,1,331,pair,0,292,14.45,22.9,7571,1300,8.9,100,89,0.3048,0.0389,2,,,192
vanilla,2,10,easy,-1,291,16.06,25.6,2918,1236,0.9,81,259,0.89,0.9487,1,,,182
vanilla,2,23,pair,1,286,14.31,32.1,10084,1297,4.7,98,80,0.2797,0.0945,3,,,182
vanilla,2,35,easy,-1,291,16.05,29.4,11208,1194,1.0,59,98,0.3368,0.0641,4,,,182
vanilla,2,38,easy,-1,291,18.01,66.0,2481,1440,2.5,169,208,0.7148,0.7619,3,,,182
vanilla,2,55,pair,1,289,14.45,22.9,9527,1300,1.6,100,224,0.7751,0.2748,3,,,182
vanilla,2,64,pair,0,290,18.5,60.2,7811,1355,9.9,129,60,0.2069,0.0478,3,,,182
vanilla,2,85,pair,0,291,17.8,48.2,8352,1358,0.0,131,215,0.7388,0.4151,2,,,182
vanilla,2,418,hard,-1,288,20.41,222.9,25777,1131,0.0,27,287,0.9965,1.0,2,,,182
vanilla,2,428,hard,-1,289,20.66,333.8,6235,1395,0.0,151,288,0.9965,0.3861,2,,,182
vanilla,2,437,hard,-1,294,21.65,466.5,15817,1327,0.0,114,294,1.0,1.0,1,,,182
vanilla,2,439,collision,-1,285,19.12,47.4,9563,1170,0.0,47,285,1.0,0.754,4,1.0,1.0,182
vanilla,2,452,collision,-1,287,14.86,45.1,3775,1114,4.1,14,287,1.0,0.5044,3,1.0,1.0,182
vanilla,2,460,collision,-1,293,16.8,31.7,5085,1256,0.0,87,293,1.0,0.6274,6,1.0,1.0,182
vanilla,3,278,hard,-1,295,20.41,222.9,23582,1131,0.0,26,285,0.9661,0.183,4,,,206
vanilla,3,285,hard,-1,295,20.66,333.8,8331,1395,2.7,173,156,0.5288,0.8211,4,,,206
vanilla,3,297,hard,-1,293,21.65,466.5,17098,1327,0.0,123,279,0.9522,1.0,2,,,206
vanilla,3,307,collision,-1,276,14.86,45.1,3885,1114,4.8,13,273,0.9891,0.3106,2,1.0,0.9803,206
vanilla,3,319,collision,-1,287,14.45,22.9,8062,1300,5.1,110,258,0.899,0.5489,8,0.896,0.9012,206
vanilla,3,331,collision,-1,291,19.22,70.0,5250,1151,8.9,39,127,0.4364,0.0921,7,0.4622,0.4186,206
vanilla,3,345,easy,-1,287,18.01,66.0,3589,1440,0.0,194,278,0.9686,0.8688,3,,,206
vanilla,3,364,easy,-1,297,19.12,47.4,6552,1170,0.0,49,292,0.9832,0.8957,4,,,206
vanilla,3,371,pair,1,292,18.5,60.2,6124,1355,4.0,143,141,0.4829,0.2354,3,,,206
vanilla,3,379,pair,0,293,16.06,29.0,4394,1253,0.0,88,290,0.9898,1.0,3,,,206
vanilla,3,395,easy,-1,289,16.05,29.4,15280,1194,0.7,62,268,0.9273,0.8673,2,,,206
vanilla,3,402,pair,1,294,17.8,48.2,7236,1358,1.2,141,291,0.9898,0.9966,2,,,206
vanilla,3,412,pair,0,290,16.8,31.7,5161,1256,0.0,91,290,1.0,0.5273,6,,,206
vanilla_repeat,0,331,hard,-1,290,20.66,333.8,7791,1395,8.9,179,74,0.2552,0.0267,3,,,216
vanilla_repeat,0,364,hard,-1,292,20.41,222.9,25598,1131,0.0,30,290,0.9932,1.0,2,,,216
vanilla_repeat,0,371,hard,-1,290,21.65,466.5,21141,1327,4.0,130,137,0.4724,0.0687,1,,,216
vanilla_repeat,0,379,collision,-1,286,17.8,48.2,10317,1358,0.0,153,277,0.9685,1.0,3,0.975,0.9639,216
vanilla_repeat,0,395,collision,-1,291,19.12,47.4,12955,1170,0.7,53,270,0.9278,0.7988,4,0.9242,0.9308,216
vanilla_repeat,0,402,collision,-1,282,18.01,66.0,2905,1440,1.2,202,278,0.9858,1.0,3,0.9697,1.0,216
vanilla_repeat,0,412,easy,-1,287,14.45,22.9,9174,1300,0.0,114,287,1.0,0.3479,3,,,216
vanilla_repeat,0,418,easy,-1,293,14.86,45.1,4352,1114,0.0,15,293,1.0,0.9966,3,,,216
vanilla_repeat,0,428,pair,1,290,18.08,34.6,4741,1233,0.0,89,290,1.0,0.5503,2,,,216
vanilla_repeat,0,437,pair,0,292,16.06,29.0,3965,1253,0.0,96,288,0.9863,1.0,4,,,216
vanilla_repeat,0,439,easy,-1,286,16.05,29.4,15907,1194,0.0,65,286,1.0,1.0,2,,,216
vanilla_repeat,0,452,pair,1,289,16.06,25.6,3722,1236,4.1,90,289,1.0,0.4439,1,,,216
vanilla_repeat,0,460,pair,0,287,16.8,31.7,4742,1256,0.0,97,251,0.8746,1.0,4,,,216
vanilla_repeat,1,87,hard,-1,286,20.41,222.9,26002,1131,7.3,29,170,0.5944,0.4658,2,,,192
vanilla_repeat,1,121,hard,-1,296,20.66,333.8,6567,1395,2.9,162,224,0.7568,0.2492,1,,,192
vanilla_repeat,1,147,hard,-1,292,21.65,466.5,18759,1327,0.0,115,192,0.6575,0.91,3,,,192
vanilla_repeat,1,158,collision,-1,290,17.8,48.2,8129,1358,0.0,139,232,0.8,1.0,5,0.7881,0.8081,192
vanilla_repeat,1,163,collision,-1,294,18.29,44.3,1389,1278,0.9,90,42,0.1429,0.0998,3,0.1789,0.117,192
vanilla_repeat,1,243,collision,-1,294,19.22,70.0,4161,1151,3.1,39,244,0.8299,0.3904,3,0.8182,0.8395,192
vanilla_repeat,1,270,easy,-1,290,16.05,29.4,12511,1194,0.6,55,288,0.9931,1.0,6,,,192
vanilla_repeat,1,278,pair,1,292,16.06,29.0,3520,1253,0.0,84,252,0.863,1.0,3,,,192
vanilla_repeat,1,285,pair,0,285,14.31,32.1,8556,1297,2.7,100,235,0.8246,0.1028,3,,,192
vanilla_repeat,1,297,easy,-1,291,18.01,66.0,2330,1440,0.0,178,235,0.8076,1.0,3,,,192
vanilla_repeat,1,307,easy,-1,291,19.12,47.4,6713,1170,4.8,46,283,0.9725,0.423,1,,,192
vanilla_repeat,1,319,pair,1,294,16.8,31.7,4042,1256,5.1,83,62,0.2109,0.0529,3,,,192
vanilla_repeat,1,331,pair,0,292,14.45,22.9,7571,1300,8.9,100,89,0.3048,0.0389,2,,,192
vanilla_repeat,2,10,easy,-1,291,16.06,25.6,2918,1236,0.9,81,259,0.89,0.9487,1,,,182
vanilla_repeat,2,23,pair,1,286,14.31,32.1,10084,1297,4.7,98,80,0.2797,0.0945,3,,,182
vanilla_repeat,2,35,easy,-1,291,16.05,29.4,11208,1194,1.0,59,98,0.3368,0.0641,4,,,182
vanilla_repeat,2,38,easy,-1,291,18.01,66.0,2481,1440,2.5,169,208,0.7148,0.7619,3,,,182
vanilla_repeat,2,55,pair,1,289,14.45,22.9,9527,1300,1.6,100,224,0.7751,0.2748,3,,,182
vanilla_repeat,2,64,pair,0,290,18.5,60.2,7811,1355,9.9,129,60,0.2069,0.0478,3,,,182
vanilla_repeat,2,85,pair,0,291,17.8,48.2,8352,1358,0.0,131,215,0.7388,0.4151,2,,,182
vanilla_repeat,2,418,hard,-1,288,20.41,222.9,25777,1131,0.0,27,287,0.9965,1.0,2,,,182
vanilla_repeat,2,428,hard,-1,289,20.66,333.8,6235,1395,0.0,151,288,0.9965,0.3861,2,,,182
vanilla_repeat,2,437,hard,-1,294,21.65,466.5,15817,1327,0.0,114,294,1.0,1.0,1,,,182
vanilla_repeat,2,439,collision,-1,285,19.12,47.4,9563,1170,0.0,47,285,1.0,0.754,4,1.0,1.0,182
vanilla_repeat,2,452,collision,-1,287,14.86,45.1,3775,1114,4.1,14,287,1.0,0.5044,3,1.0,1.0,182
vanilla_repeat,2,460,collision,-1,293,16.8,31.7,5085,1256,0.0,87,293,1.0,0.6274,6,1.0,1.0,182
vanilla_repeat,3,278,hard,-1,295,20.41,222.9,23582,1131,0.0,26,154,0.522,1.0,5,,,207
vanilla_repeat,3,285,hard,-1,295,20.66,333.8,8331,1395,2.7,174,156,0.5288,0.8211,4,,,207
vanilla_repeat,3,297,hard,-1,293,21.65,466.5,17098,1327,0.0,125,275,0.9386,1.0,2,,,207
vanilla_repeat,3,307,collision,-1,276,14.86,45.1,3885,1114,4.8,13,273,0.9891,0.3106,2,1.0,0.9803,207
vanilla_repeat,3,319,collision,-1,287,14.45,22.9,8062,1300,5.1,111,258,0.899,0.5489,8,0.896,0.9012,207
vanilla_repeat,3,331,collision,-1,291,19.22,70.0,5250,1151,8.9,40,127,0.4364,0.0921,7,0.4622,0.4186,207
vanilla_repeat,3,345,easy,-1,287,18.01,66.0,3589,1440,0.0,195,278,0.9686,0.8688,3,,,207
vanilla_repeat,3,364,easy,-1,297,19.12,47.4,6552,1170,0.0,50,292,0.9832,0.8957,4,,,207
vanilla_repeat,3,371,pair,1,292,18.5,60.2,6124,1355,4.0,144,141,0.4829,0.2354,3,,,207
vanilla_repeat,3,379,pair,0,293,16.06,29.0,4394,1253,0.0,89,290,0.9898,1.0,3,,,207
vanilla_repeat,3,395,easy,-1,289,16.05,29.4,15280,1194,0.7,63,268,0.9273,0.8673,2,,,207
vanilla_repeat,3,402,pair,1,294,17.8,48.2,7236,1358,1.2,142,291,0.9898,0.9966,2,,,207
vanilla_repeat,3,412,pair,0,290,16.8,31.7,5161,1256,0.0,92,290,1.0,0.5273,6,,,207
subsample_align,0,331,hard,-1,290,20.66,333.8,7791,1395,8.9,177,73,0.2517,0.0264,3,,,214
subsample_align,0,364,hard,-1,292,20.41,222.9,25598,1131,0.0,27,291,0.9966,1.0,2,,,214
subsample_align,0,371,hard,-1,290,21.65,466.5,21141,1327,4.0,129,134,0.4621,0.0834,2,,,214
subsample_align,0,379,collision,-1,286,17.8,48.2,10317,1358,0.0,148,286,1.0,0.2948,3,1.0,1.0,214
subsample_align,0,395,collision,-1,291,19.12,47.4,12955,1170,0.7,49,291,1.0,0.6705,3,1.0,1.0,214
subsample_align,0,402,collision,-1,282,18.01,66.0,2905,1440,1.2,199,278,0.9858,1.0,3,0.9697,1.0,214
subsample_align,0,412,easy,-1,287,14.45,22.9,9174,1300,0.0,112,282,0.9826,1.0,6,,,214
subsample_align,0,418,easy,-1,293,14.86,45.1,4352,1114,0.0,17,289,0.9863,1.0,3,,,214
subsample_align,0,428,pair,1,290,18.08,34.6,4741,1233,0.0,87,290,1.0,0.3816,2,,,214
subsample_align,0,437,pair,0,292,16.06,29.0,3965,1253,0.0,93,288,0.9863,1.0,4,,,214
subsample_align,0,439,easy,-1,286,16.05,29.4,15907,1194,0.0,60,286,1.0,1.0,3,,,214
subsample_align,0,452,pair,1,289,16.06,25.6,3722,1236,4.1,88,289,1.0,0.5332,1,,,214
subsample_align,0,460,pair,0,287,16.8,31.7,4742,1256,0.0,96,256,0.892,1.0,5,,,214
subsample_align,1,87,hard,-1,286,20.41,222.9,26002,1131,7.3,27,165,0.5769,0.5556,2,,,190
subsample_align,1,121,hard,-1,296,20.66,333.8,6567,1395,2.9,158,220,0.7432,0.241,1,,,190
subsample_align,1,147,hard,-1,292,21.65,466.5,18759,1327,0.0,117,190,0.6507,0.9268,4,,,190
subsample_align,1,158,collision,-1,290,17.8,48.2,8129,1358,0.0,135,266,0.9172,0.2985,5,0.9322,0.907,190
subsample_align,1,163,collision,-1,294,18.29,44.3,1389,1278,0.9,88,41,0.1395,0.1,2,0.1707,0.117,190
subsample_align,1,243,collision,-1,294,19.22,70.0,4161,1151,3.1,38,244,0.8299,0.3642,3,0.8182,0.8395,190
subsample_align,1,270,easy,-1,290,16.05,29.4,12511,1194,0.6,57,289,0.9966,1.0,6,,,190
subsample_align,1,278,pair,1,292,16.06,29.0,3520,1253,0.0,83,198,0.6781,1.0,3,,,190
subsample_align,1,285,pair,0,285,14.31,32.1,8556,1297,2.7,99,186,0.6526,0.1873,3,,,190
subsample_align,1,297,easy,-1,291,18.01,66.0,2330,1440,0.0,176,266,0.9141,1.0,3,,,190
subsample_align,1,307,easy,-1,291,19.12,47.4,6713,1170,4.8,45,284,0.9759,0.4189,1,,,190
subsample_align,1,319,pair,1,294,16.8,31.7,4042,1256,5.1,84,69,0.2347,0.0551,3,,,190
subsample_align,1,331,pair,0,292,14.45,22.9,7571,1300,8.9,101,73,0.25,0.0586,3,,,190
subsample_align,2,10,easy,-1,291,16.06,25.6,2918,1236,0.9,79,235,0.8076,0.918,1,,,184
subsample_align,2,23,pair,1,286,14.31,32.1,10084,1297,4.7,97,79,0.2762,0.0888,3,,,184
subsample_align,2,35,easy,-1,291,16.05,29.4,11208,1194,1.0,56,119,0.4089,0.0733,3,,,184
subsample_align,2,38,easy,-1,291,18.01,66.0,2481,1440,2.5,170,193,0.6632,0.7096,2,,,184
subsample_align,2,55,pair,1,289,14.45,22.9,9527,1300,1.6,99,229,0.7924,0.2838,4,,,184
subsample_align,2,64,pair,0,290,18.5,60.2,7811,1355,9.9,132,43,0.1483,0.0238,4,,,184
subsample_align,2,85,pair,0,291,17.8,48.2,8352,1358,0.0,134,203,0.6976,0.4143,3,,,184
subsample_align,2,418,hard,-1,288,20.41,222.9,25777,1131,0.0,26,288,1.0,1.0,2,,,184
subsample_align,2,428,hard,-1,289,20.66,333.8,6235,1395,0.0,153,288,0.9965,0.3815,2,,,184
subsample_align,2,437,hard,-1,294,21.65,466.5,15817,1327,0.0,112,294,1.0,1.0,1,,,184
subsample_align,2,439,collision,-1,285,19.12,47.4,9563,1170,0.0,44,285,1.0,0.4345,4,1.0,1.0,184
subsample_align,2,452,collision,-1,287,14.86,45.1,3775,1114,4.1,14,287,1.0,0.5026,3,1.0,1.0,184
subsample_align,2,460,collision,-1,293,16.8,31.7,5085,1256,0.0,85,293,1.0,0.6261,7,1.0,1.0,184
subsample_align,3,278,hard,-1,295,20.41,222.9,23582,1131,0.0,27,165,0.5593,1.0,4,,,199
subsample_align,3,285,hard,-1,295,20.66,333.8,8331,1395,2.7,172,94,0.3186,0.1072,2,,,199
subsample_align,3,297,hard,-1,293,21.65,466.5,17098,1327,0.0,123,269,0.9181,1.0,2,,,199
subsample_align,3,307,collision,-1,276,14.86,45.1,3885,1114,4.8,13,273,0.9891,0.3532,2,1.0,0.9803,199
subsample_align,3,319,collision,-1,287,14.45,22.9,8062,1300,5.1,108,128,0.446,0.1206,8,0.448,0.4444,199
subsample_align,3,331,collision,-1,291,19.22,70.0,5250,1151,8.9,41,138,0.4742,0.0848,6,0.5378,0.4302,199
subsample_align,3,345,easy,-1,287,18.01,66.0,3589,1440,0.0,188,264,0.9199,0.8627,2,,,199
subsample_align,3,364,easy,-1,297,19.12,47.4,6552,1170,0.0,47,294,0.9899,0.9159,4,,,199
subsample_align,3,371,pair,1,292,18.5,60.2,6124,1355,4.0,139,110,0.3767,0.19,3,,,199
subsample_align,3,379,pair,0,293,16.06,29.0,4394,1253,0.0,87,291,0.9932,1.0,3,,,199
subsample_align,3,395,easy,-1,289,16.05,29.4,15280,1194,0.7,59,268,0.9273,0.964,2,,,199
subsample_align,3,402,pair,1,294,17.8,48.2,7236,1358,1.2,138,292,0.9932,0.9669,2,,,199
subsample_align,3,412,pair,0,290,16.8,31.7,5161,1256,0.0,89,290,1.0,0.5235,5,,,199
amplitude_normalize,0,331,hard,-1,290,20.66,333.8,7791,1395,8.9,188,231,0.7966,0.2225,3,,,221
amplitude_normalize,0,364,hard,-1,292,20.41,222.9,25598,1131,0.0,29,292,1.0,1.0,2,,,221
amplitude_normalize,0,371,hard,-1,290,21.65,466.5,21141,1327,4.0,133,111,0.3828,0.054,1,,,221
amplitude_normalize,0,379,collision,-1,286,17.8,48.2,10317,1358,0.0,157,286,1.0,0.9862,4,1.0,1.0,221
amplitude_normalize,0,395,collision,-1,291,19.12,47.4,12955,1170,0.7,54,250,0.8591,1.0,5,0.9015,0.8239,221
amplitude_normalize,0,402,collision,-1,282,18.01,66.0,2905,1440,1.2,206,278,0.9858,1.0,3,0.9697,1.0,221
amplitude_normalize,0,412,easy,-1,287,14.45,22.9,9174,1300,0.0,119,284,0.9895,1.0,5,,,221
amplitude_normalize,0,418,easy,-1,293,14.86,45.1,4352,1114,0.0,18,291,0.9932,0.9966,4,,,221
amplitude_normalize,0,428,pair,1,290,18.08,34.6,4741,1233,0.0,92,258,0.8897,0.9961,3,,,221
amplitude_normalize,0,437,pair,0,292,16.06,29.0,3965,1253,0.0,98,288,0.9863,1.0,4,,,221
amplitude_normalize,0,439,easy,-1,286,16.05,29.4,15907,1194,0.0,70,286,1.0,1.0,2,,,221
amplitude_normalize,0,452,pair,1,289,16.06,25.6,3722,1236,4.1,93,289,1.0,0.5526,1,,,221
amplitude_normalize,0,460,pair,0,287,16.8,31.7,4742,1256,0.0,102,271,0.9443,1.0,5,,,221
amplitude_normalize,1,87,hard,-1,286,20.41,222.9,26002,1131,7.3,29,173,0.6049,0.4336,1,,,191
amplitude_normalize,1,121,hard,-1,296,20.66,333.8,6567,1395,2.9,160,217,0.7331,0.9234,1,,,191
amplitude_normalize,1,147,hard,-1,292,21.65,466.5,18759,1327,0.0,116,284,0.9726,0.0967,2,,,191
amplitude_normalize,1,158,collision,-1,290,17.8,48.2,8129,1358,0.0,131,171,0.5897,0.9828,6,0.5593,0.6105,191
amplitude_normalize,1,163,collision,-1,294,18.29,44.3,1389,1278,0.9,90,34,0.1156,0.0782,3,0.1301,0.1053,191
amplitude_normalize,1,243,collision,-1,294,19.22,70.0,4161,1151,3.1,40,235,0.7993,0.3381,3,0.8106,0.7901,191
amplitude_normalize,1,270,easy,-1,290,16.05,29.4,12511,1194,0.6,57,289,0.9966,1.0,6,,,191
amplitude_normalize,1,278,pair,1,292,16.06,29.0,3520,1253,0.0,84,219,0.75,0.9955,3,,,191
amplitude_normalize,1,285,pair,0,285,14.31,32.1,8556,1297,2.7,97,69,0.2421,0.0359,3,,,191
amplitude_normalize,1,297,easy,-1,291,18.01,66.0,2330,1440,0.0,179,257,0.8832,1.0,3,,,191
amplitude_normalize,1,307,easy,-1,291,19.12,47.4,6713,1170,4.8,48,282,0.9691,0.4165,1,,,191
amplitude_normalize,1,319,pair,1,294,16.8,31.7,4042,1256,5.1,85,58,0.1973,0.05,3,,,191
amplitude_normalize,1,331,pair,0,292,14.45,22.9,7571,1300,8.9,98,70,0.2397,0.0388,2,,,191
amplitude_normalize,2,10,easy,-1,291,16.06,25.6,2918,1236,0.9,79,200,0.6873,0.8403,1,,,182
amplitude_normalize,2,23,pair,1,286,14.31,32.1,10084,1297,4.7,95,28,0.0979,0.0474,3,,,182
amplitude_normalize,2,35,easy,-1,291,16.05,29.4,11208,1194,1.0,59,122,0.4192,0.0734,3,,,182
amplitude_normalize,2,38,easy,-1,291,18.01,66.0,2481,1440,2.5,169,200,0.6873,0.7299,3,,,182
amplitude_normalize,2,55,pair,1,289,14.45,22.9,9527,1300,1.6,96,131,0.4533,0.0834,3,,,182
amplitude_normalize,2,64,pair,0,290,18.5,60.2,7811,1355,9.9,123,46,0.1586,0.0368,5,,,182
amplitude_normalize,2,85,pair,0,291,17.8,48.2,8352,1358,0.0,125,260,0.8935,0.7625,4,,,182
amplitude_normalize,2,418,hard,-1,288,20.41,222.9,25777,1131,0.0,26,282,0.9792,1.0,2,,,182
amplitude_normalize,2,428,hard,-1,289,20.66,333.8,6235,1395,0.0,152,287,0.9931,0.361,2,,,182
amplitude_normalize,2,437,hard,-1,294,21.65,466.5,15817,1327,0.0,108,294,1.0,1.0,1,,,182
amplitude_normalize,2,439,collision,-1,285,19.12,47.4,9563,1170,0.0,47,285,1.0,0.7766,4,1.0,1.0,182
amplitude_normalize,2,452,collision,-1,287,14.86,45.1,3775,1114,4.1,14,287,1.0,0.5026,4,1.0,1.0,182
amplitude_normalize,2,460,collision,-1,293,16.8,31.7,5085,1256,0.0,85,293,1.0,0.57,6,1.0,1.0,182
amplitude_normalize,3,278,hard,-1,295,20.41,222.9,23582,1131,0.0,32,271,0.9186,1.0,3,,,214
amplitude_normalize,3,285,hard,-1,295,20.66,333.8,8331,1395,2.7,178,137,0.4644,0.7874,3,,,214
amplitude_normalize,3,297,hard,-1,293,21.65,466.5,17098,1327,0.0,125,274,0.9352,1.0,2,,,214
amplitude_normalize,3,307,collision,-1,276,14.86,45.1,3885,1114,4.8,15,273,0.9891,0.519,3,1.0,0.9803,214
amplitude_normalize,3,319,collision,-1,287,14.45,22.9,8062,1300,5.1,113,128,0.446,0.0954,7,0.432,0.4568,214
amplitude_normalize,3,331,collision,-1,291,19.22,70.0,5250,1151,8.9,44,84,0.2887,0.0609,7,0.3193,0.2674,214
amplitude_normalize,3,345,easy,-1,287,18.01,66.0,3589,1440,0.0,198,273,0.9512,0.8667,3,,,214
amplitude_normalize,3,364,easy,-1,297,19.12,47.4,6552,1170,0.0,52,297,1.0,0.8892,3,,,214
amplitude_normalize,3,371,pair,1,292,18.5,60.2,6124,1355,4.0,142,90,0.3082,0.1173,3,,,214
amplitude_normalize,3,379,pair,0,293,16.06,29.0,4394,1253,0.0,92,291,0.9932,1.0,3,,,214
amplitude_normalize,3,395,easy,-1,289,16.05,29.4,15280,1194,0.7,62,271,0.9377,0.7507,1,,,214
amplitude_normalize,3,402,pair,1,294,17.8,48.2,7236,1358,1.2,141,290,0.9864,0.9898,2,,,214
amplitude_normalize,3,412,pair,0,290,16.8,31.7,5161,1256,0.0,94,290,1.0,0.4874,6,,,214
align_and_amp_norm,0,331,hard,-1,290,20.66,333.8,7791,1395,8.9,188,226,0.7793,0.2179,3,,,221
align_and_amp_norm,0,364,hard,-1,292,20.41,222.9,25598,1131,0.0,25,291,0.9966,1.0,2,,,221
align_and_amp_norm,0,371,hard,-1,290,21.65,466.5,21141,1327,4.0,131,112,0.3862,0.0693,2,,,221
align_and_amp_norm,0,379,collision,-1,286,17.8,48.2,10317,1358,0.0,156,286,1.0,0.9828,3,1.0,1.0,221
align_and_amp_norm,0,395,collision,-1,291,19.12,47.4,12955,1170,0.7,51,290,0.9966,0.3345,3,1.0,0.9937,221
align_and_amp_norm,0,402,collision,-1,282,18.01,66.0,2905,1440,1.2,207,275,0.9752,1.0,3,0.9545,0.9933,221
align_and_amp_norm,0,412,easy,-1,287,14.45,22.9,9174,1300,0.0,115,283,0.9861,1.0,5,,,221
align_and_amp_norm,0,418,easy,-1,293,14.86,45.1,4352,1114,0.0,14,288,0.9829,1.0,4,,,221
align_and_amp_norm,0,428,pair,1,290,18.08,34.6,4741,1233,0.0,88,274,0.9448,0.9964,2,,,221
align_and_amp_norm,0,437,pair,0,292,16.06,29.0,3965,1253,0.0,95,288,0.9863,1.0,4,,,221
align_and_amp_norm,0,439,easy,-1,286,16.05,29.4,15907,1194,0.0,65,286,1.0,1.0,2,,,221
align_and_amp_norm,0,452,pair,1,289,16.06,25.6,3722,1236,4.1,91,289,1.0,0.5473,1,,,221
align_and_amp_norm,0,460,pair,0,287,16.8,31.7,4742,1256,0.0,98,244,0.8502,1.0,5,,,221
align_and_amp_norm,1,87,hard,-1,286,20.41,222.9,26002,1131,7.3,25,189,0.6608,0.1136,1,,,185
align_and_amp_norm,1,121,hard,-1,296,20.66,333.8,6567,1395,2.9,157,218,0.7365,0.9356,1,,,185
align_and_amp_norm,1,147,hard,-1,292,21.65,466.5,18759,1327,0.0,110,285,0.976,0.122,2,,,185
align_and_amp_norm,1,158,collision,-1,290,17.8,48.2,8129,1358,0.0,127,222,0.7655,0.9528,6,0.7627,0.7674,185
align_and_amp_norm,1,163,collision,-1,294,18.29,44.3,1389,1278,0.9,87,39,0.1327,0.0905,3,0.1626,0.1111,185
align_and_amp_norm,1,243,collision,-1,294,19.22,70.0,4161,1151,3.1,35,242,0.8231,0.3131,3,0.8258,0.821,185
align_and_amp_norm,1,270,easy,-1,290,16.05,29.4,12511,1194,0.6,53,289,0.9966,1.0,5,,,185
align_and_amp_norm,1,278,pair,1,292,16.06,29.0,3520,1253,0.0,82,234,0.8014,1.0,3,,,185
align_and_amp_norm,1,285,pair,0,285,14.31,32.1,8556,1297,2.7,93,59,0.207,0.0993,2,,,185
align_and_amp_norm,1,297,easy,-1,291,18.01,66.0,2330,1440,0.0,172,256,0.8797,1.0,2,,,185
align_and_amp_norm,1,307,easy,-1,291,19.12,47.4,6713,1170,4.8,44,282,0.9691,0.4075,1,,,185
align_and_amp_norm,1,319,pair,1,294,16.8,31.7,4042,1256,5.1,80,57,0.1939,0.0477,3,,,185
align_and_amp_norm,1,331,pair,0,292,14.45,22.9,7571,1300,8.9,94,108,0.3699,0.1664,4,,,185
align_and_amp_norm,2,10,easy,-1,291,16.06,25.6,2918,1236,0.9,80,176,0.6048,0.7788,1,,,177
align_and_amp_norm,2,23,pair,1,286,14.31,32.1,10084,1297,4.7,97,30,0.1049,0.0613,3,,,177
align_and_amp_norm,2,35,easy,-1,291,16.05,29.4,11208,1194,1.0,57,114,0.3918,0.0692,3,,,177
align_and_amp_norm,2,38,easy,-1,291,18.01,66.0,2481,1440,2.5,166,185,0.6357,0.7198,2,,,177
align_and_amp_norm,2,55,pair,1,289,14.45,22.9,9527,1300,1.6,98,129,0.4464,0.0816,3,,,177
align_and_amp_norm,2,64,pair,0,290,18.5,60.2,7811,1355,9.9,123,59,0.2034,0.045,4,,,177
align_and_amp_norm,2,85,pair,0,291,17.8,48.2,8352,1358,0.0,128,184,0.6323,0.436,3,,,177
align_and_amp_norm,2,418,hard,-1,288,20.41,222.9,25777,1131,0.0,26,285,0.9896,1.0,2,,,177
align_and_amp_norm,2,428,hard,-1,289,20.66,333.8,6235,1395,0.0,148,287,0.9931,0.3596,2,,,177
align_and_amp_norm,2,437,hard,-1,294,21.65,466.5,15817,1327,0.0,110,294,1.0,1.0,1,,,177
align_and_amp_norm,2,439,collision,-1,285,19.12,47.4,9563,1170,0.0,46,285,1.0,0.7703,3,1.0,1.0,177
align_and_amp_norm,2,452,collision,-1,287,14.86,45.1,3775,1114,4.1,14,287,1.0,0.5098,2,1.0,1.0,177
align_and_amp_norm,2,460,collision,-1,293,16.8,31.7,5085,1256,0.0,86,293,1.0,0.5712,6,1.0,1.0,177
align_and_amp_norm,3,278,hard,-1,295,20.41,222.9,23582,1131,0.0,26,282,0.9559,0.9965,3,,,200
align_and_amp_norm,3,285,hard,-1,295,20.66,333.8,8331,1395,2.7,168,185,0.6271,0.8009,2,,,200
align_and_amp_norm,3,297,hard,-1,293,21.65,466.5,17098,1327,0.0,119,255,0.8703,1.0,3,,,200
align_and_amp_norm,3,307,collision,-1,276,14.86,45.1,3885,1114,4.8,14,273,0.9891,0.5141,3,1.0,0.9803,200
align_and_amp_norm,3,319,collision,-1,287,14.45,22.9,8062,1300,5.1,107,124,0.4321,0.092,7,0.432,0.4321,200
align_and_amp_norm,3,331,collision,-1,291,19.22,70.0,5250,1151,8.9,37,110,0.378,0.1246,6,0.4118,0.3547,200
align_and_amp_norm,3,345,easy,-1,287,18.01,66.0,3589,1440,0.0,189,241,0.8397,0.8516,3,,,200
align_and_amp_norm,3,364,easy,-1,297,19.12,47.4,6552,1170,0.0,46,297,1.0,0.8919,3,,,200
align_and_amp_norm,3,371,pair,1,292,18.5,60.2,6124,1355,4.0,135,189,0.6473,0.1824,3,,,200
align_and_amp_norm,3,379,pair,0,293,16.06,29.0,4394,1253,0.0,86,291,0.9932,1.0,3,,,200
align_and_amp_norm,3,395,easy,-1,289,16.05,29.4,15280,1194,0.7,58,273,0.9446,0.7734,2,,,200
align_and_amp_norm,3,402,pair,1,294,17.8,48.2,7236,1358,1.2,136,292,0.9932,0.9701,2,,,200
align_and_amp_norm,3,412,pair,0,290,16.8,31.7,5161,1256,0.0,88,290,1.0,0.5043,6,,,200
coarse_then_align,0,331,hard,-1,290,20.66,333.8,7791,1395,8.9,162,77,0.2655,0.0278,3,,,199
coarse_then_align,0,364,hard,-1,292,20.41,222.9,25598,1131,0.0,22,290,0.9932,1.0,2,,,199
coarse_then_align,0,371,hard,-1,290,21.65,466.5,21141,1327,4.0,113,113,0.3897,0.075,2,,,199
coarse_then_align,0,379,collision,-1,286,17.8,48.2,10317,1358,0.0,137,286,1.0,0.9965,4,1.0,1.0,199
coarse_then_align,0,395,collision,-1,291,19.12,47.4,12955,1170,0.7,42,285,0.9794,0.5577,3,0.9697,0.9874,199
coarse_then_align,0,402,collision,-1,282,18.01,66.0,2905,1440,1.2,187,278,0.9858,0.9929,3,0.9697,1.0,199
coarse_then_align,0,412,easy,-1,287,14.45,22.9,9174,1300,0.0,98,286,0.9965,1.0,3,,,199
coarse_then_align,0,418,easy,-1,293,14.86,45.1,4352,1114,0.0,12,293,1.0,0.4025,1,,,199
coarse_then_align,0,428,pair,1,290,18.08,34.6,4741,1233,0.0,78,290,1.0,0.5331,2,,,199
coarse_then_align,0,437,pair,0,292,16.06,29.0,3965,1253,0.0,83,288,0.9863,1.0,4,,,199
coarse_then_align,0,439,easy,-1,286,16.05,29.4,15907,1194,0.0,54,286,1.0,1.0,2,,,199
coarse_then_align,0,452,pair,1,289,16.06,25.6,3722,1236,4.1,79,289,1.0,0.5226,1,,,199
coarse_then_align,0,460,pair,0,287,16.8,31.7,4742,1256,0.0,86,287,1.0,0.3732,2,,,199
coarse_then_align,1,87,hard,-1,286,20.41,222.9,26002,1131,7.3,26,58,0.2028,0.4496,4,,,169
coarse_then_align,1,121,hard,-1,296,20.66,333.8,6567,1395,2.9,138,213,0.7196,0.2256,1,,,169
coarse_then_align,1,147,hard,-1,292,21.65,466.5,18759,1327,0.0,100,267,0.9144,0.1252,3,,,169
coarse_then_align,1,158,collision,-1,290,17.8,48.2,8129,1358,0.0,116,257,0.8862,0.9662,5,0.8729,0.8953,169
coarse_then_align,1,163,collision,-1,294,18.29,44.3,1389,1278,0.9,83,38,0.1293,0.1035,3,0.1707,0.0994,169
coarse_then_align,1,243,collision,-1,294,19.22,70.0,4161,1151,3.1,33,240,0.8163,0.32,3,0.7955,0.8333,169
coarse_then_align,1,270,easy,-1,290,16.05,29.4,12511,1194,0.6,49,286,0.9862,1.0,6,,,169
coarse_then_align,1,278,pair,1,292,16.06,29.0,3520,1253,0.0,77,216,0.7397,0.9908,3,,,169
coarse_then_align,1,285,pair,0,285,14.31,32.1,8556,1297,2.7,87,235,0.8246,0.3367,1,,,169
coarse_then_align,1,297,easy,-1,291,18.01,66.0,2330,1440,0.0,155,242,0.8316,1.0,3,,,169
coarse_then_align,1,307,easy,-1,291,19.12,47.4,6713,1170,4.8,41,83,0.2852,0.0836,2,,,169
coarse_then_align,1,319,pair,1,294,16.8,31.7,4042,1256,5.1,78,48,0.1633,0.172,2,,,169
coarse_then_align,1,331,pair,0,292,14.45,22.9,7571,1300,8.9,88,243,0.8322,0.81,3,,,169
coarse_then_align,2,10,easy,-1,291,16.06,25.6,2918,1236,0.9,75,190,0.6529,0.8962,1,,,169
coarse_then_align,2,23,pair,1,286,14.31,32.1,10084,1297,4.7,90,82,0.2867,0.1096,2,,,169
coarse_then_align,2,35,easy,-1,291,16.05,29.4,11208,1194,1.0,54,132,0.4536,0.0809,3,,,169
coarse_then_align,2,38,easy,-1,291,18.01,66.0,2481,1440,2.5,157,201,0.6907,0.8138,2,,,169
coarse_then_align,2,55,pair,1,289,14.45,22.9,9527,1300,1.6,91,287,0.9931,0.6093,1,,,169
coarse_then_align,2,64,pair,0,290,18.5,60.2,7811,1355,9.9,116,56,0.1931,0.0436,3,,,169
coarse_then_align,2,85,pair,0,291,17.8,48.2,8352,1358,0.0,120,215,0.7388,0.3397,2,,,169
coarse_then_align,2,418,hard,-1,288,20.41,222.9,25777,1131,0.0,24,287,0.9965,1.0,2,,,169
coarse_then_align,2,428,hard,-1,289,20.66,333.8,6235,1395,0.0,139,288,0.9965,0.3731,2,,,169
coarse_then_align,2,437,hard,-1,294,21.65,466.5,15817,1327,0.0,102,294,1.0,1.0,1,,,169
coarse_then_align,2,439,collision,-1,285,19.12,47.4,9563,1170,0.0,42,285,1.0,0.756,3,1.0,1.0,169
coarse_then_align,2,452,collision,-1,287,14.86,45.1,3775,1114,4.1,13,287,1.0,0.5,4,1.0,1.0,169
coarse_then_align,2,460,collision,-1,293,16.8,31.7,5085,1256,0.0,81,293,1.0,0.5884,6,1.0,1.0,169
coarse_then_align,3,278,hard,-1,295,20.41,222.9,23582,1131,0.0,25,148,0.5017,1.0,5,,,189
coarse_then_align,3,285,hard,-1,295,20.66,333.8,8331,1395,2.7,156,94,0.3186,0.1073,2,,,189
coarse_then_align,3,297,hard,-1,293,21.65,466.5,17098,1327,0.0,112,276,0.942,1.0,2,,,189
coarse_then_align,3,307,collision,-1,276,14.86,45.1,3885,1114,4.8,13,273,0.9891,0.3333,2,1.0,0.9803,189
coarse_then_align,3,319,collision,-1,287,14.45,22.9,8062,1300,5.1,101,242,0.8432,0.2237,5,0.856,0.8333,189
coarse_then_align,3,331,collision,-1,291,19.22,70.0,5250,1151,8.9,38,108,0.3711,0.1103,6,0.4706,0.3023,189
coarse_then_align,3,345,easy,-1,287,18.01,66.0,3589,1440,0.0,176,273,0.9512,0.8667,2,,,189
coarse_then_align,3,364,easy,-1,297,19.12,47.4,6552,1170,0.0,45,293,0.9865,0.9043,5,,,189
coarse_then_align,3,371,pair,1,292,18.5,60.2,6124,1355,4.0,128,121,0.4144,0.1952,4,,,189
coarse_then_align,3,379,pair,0,293,16.06,29.0,4394,1253,0.0,88,289,0.9863,1.0,3,,,189
coarse_then_align,3,395,easy,-1,289,16.05,29.4,15280,1194,0.7,55,244,0.8443,0.9349,3,,,189
coarse_then_align,3,402,pair,1,294,17.8,48.2,7236,1358,1.2,129,291,0.9898,0.9932,2,,,189
coarse_then_align,3,412,pair,0,290,16.8,31.7,5161,1256,0.0,89,290,1.0,0.5133,2,,,189
coarse_align_amp_norm,0,331,hard,-1,290,20.66,333.8,7791,1395,8.9,173,213,0.7345,0.2068,2,,,207
coarse_align_amp_norm,0,364,hard,-1,292,20.41,222.9,25598,1131,0.0,26,291,0.9966,1.0,1,,,207
coarse_align_amp_norm,0,371,hard,-1,290,21.65,466.5,21141,1327,4.0,121,113,0.3897,0.0564,1,,,207
coarse_align_amp_norm,0,379,collision,-1,286,17.8,48.2,10317,1358,0.0,143,286,1.0,0.9795,3,1.0,1.0,207
coarse_align_amp_norm,0,395,collision,-1,291,19.12,47.4,12955,1170,0.7,46,209,0.7182,0.897,6,0.6742,0.7547,207
coarse_align_amp_norm,0,402,collision,-1,282,18.01,66.0,2905,1440,1.2,195,275,0.9752,0.9964,3,0.947,1.0,207
coarse_align_amp_norm,0,412,easy,-1,287,14.45,22.9,9174,1300,0.0,105,281,0.9791,1.0,4,,,207
coarse_align_amp_norm,0,418,easy,-1,293,14.86,45.1,4352,1114,0.0,12,293,1.0,0.556,1,,,207
coarse_align_amp_norm,0,428,pair,1,290,18.08,34.6,4741,1233,0.0,83,288,0.9931,0.9412,3,,,207
coarse_align_amp_norm,0,437,pair,0,292,16.06,29.0,3965,1253,0.0,89,288,0.9863,1.0,5,,,207
coarse_align_amp_norm,0,439,easy,-1,286,16.05,29.4,15907,1194,0.0,59,286,1.0,1.0,2,,,207
coarse_align_amp_norm,0,452,pair,1,289,16.06,25.6,3722,1236,4.1,85,289,1.0,0.489,1,,,207
coarse_align_amp_norm,0,460,pair,0,287,16.8,31.7,4742,1256,0.0,92,287,1.0,0.5237,4,,,207
coarse_align_amp_norm,1,87,hard,-1,286,20.41,222.9,26002,1131,7.3,26,60,0.2098,0.2956,3,,,178
coarse_align_amp_norm,1,121,hard,-1,296,20.66,333.8,6567,1395,2.9,144,208,0.7027,0.9369,1,,,178
coarse_align_amp_norm,1,147,hard,-1,292,21.65,466.5,18759,1327,0.0,100,168,0.5753,0.9333,3,,,178
coarse_align_amp_norm,1,158,collision,-1,290,17.8,48.2,8129,1358,0.0,117,211,0.7276,0.9814,7,0.7288,0.7267,178
coarse_align_amp_norm,1,163,collision,-1,294,18.29,44.3,1389,1278,0.9,84,39,0.1327,0.0888,3,0.187,0.0936,178
coarse_align_amp_norm,1,243,collision,-1,294,19.22,70.0,4161,1151,3.1,36,226,0.7687,0.2894,3,0.75,0.784,178
coarse_align_amp_norm,1,270,easy,-1,290,16.05,29.4,12511,1194,0.6,52,289,0.9966,1.0,5,,,178
coarse_align_amp_norm,1,278,pair,1,292,16.06,29.0,3520,1253,0.0,79,212,0.726,1.0,3,,,178
coarse_align_amp_norm,1,285,pair,0,285,14.31,32.1,8556,1297,2.7,88,170,0.5965,0.1771,1,,,178
coarse_align_amp_norm,1,297,easy,-1,291,18.01,66.0,2330,1440,0.0,165,268,0.921,0.9963,3,,,178
coarse_align_amp_norm,1,307,easy,-1,291,19.12,47.4,6713,1170,4.8,43,278,0.9553,0.4076,2,,,178
coarse_align_amp_norm,1,319,pair,1,294,16.8,31.7,4042,1256,5.1,80,34,0.1156,0.0234,2,,,178
coarse_align_amp_norm,1,331,pair,0,292,14.45,22.9,7571,1300,8.9,88,91,0.3116,0.0948,3,,,178
coarse_align_amp_norm,2,10,easy,-1,291,16.06,25.6,2918,1236,0.9,76,127,0.4364,0.6513,1,,,166
coarse_align_amp_norm,2,23,pair,1,286,14.31,32.1,10084,1297,4.7,89,65,0.2273,0.0645,2,,,166
coarse_align_amp_norm,2,35,easy,-1,291,16.05,29.4,11208,1194,1.0,56,121,0.4158,0.0714,3,,,166
coarse_align_amp_norm,2,38,easy,-1,291,18.01,66.0,2481,1440,2.5,153,205,0.7045,0.7482,2,,,166
coarse_align_amp_norm,2,55,pair,1,289,14.45,22.9,9527,1300,1.6,90,284,0.9827,0.5954,1,,,166
coarse_align_amp_norm,2,64,pair,0,290,18.5,60.2,7811,1355,9.9,113,55,0.1897,0.0415,3,,,166
coarse_align_amp_norm,2,85,pair,0,291,17.8,48.2,8352,1358,0.0,114,170,0.5842,0.3881,3,,,166
coarse_align_amp_norm,2,418,hard,-1,288,20.41,222.9,25777,1131,0.0,26,287,0.9965,1.0,2,,,166
coarse_align_amp_norm,2,428,hard,-1,289,20.66,333.8,6235,1395,0.0,135,287,0.9931,0.3521,2,,,166
coarse_align_amp_norm,2,437,hard,-1,294,21.65,466.5,15817,1327,0.0,99,294,1.0,1.0,1,,,166
coarse_align_amp_norm,2,439,collision,-1,285,19.12,47.4,9563,1170,0.0,45,285,1.0,0.7724,3,1.0,1.0,166
coarse_align_amp_norm,2,452,collision,-1,287,14.86,45.1,3775,1114,4.1,13,287,1.0,0.4983,5,1.0,1.0,166
coarse_align_amp_norm,2,460,collision,-1,293,16.8,31.7,5085,1256,0.0,81,293,1.0,0.5078,5,1.0,1.0,166
coarse_align_amp_norm,3,278,hard,-1,295,20.41,222.9,23582,1131,0.0,25,223,0.7559,1.0,3,,,198
coarse_align_amp_norm,3,285,hard,-1,295,20.66,333.8,8331,1395,2.7,165,170,0.5763,0.7727,3,,,198
coarse_align_amp_norm,3,297,hard,-1,293,21.65,466.5,17098,1327,0.0,116,275,0.9386,1.0,2,,,198
coarse_align_amp_norm,3,307,collision,-1,276,14.86,45.1,3885,1114,4.8,13,273,0.9891,0.5161,3,1.0,0.9803,198
coarse_align_amp_norm,3,319,collision,-1,287,14.45,22.9,8062,1300,5.1,101,129,0.4495,0.0936,5,0.464,0.4383,198
coarse_align_amp_norm,3,331,collision,-1,291,19.22,70.0,5250,1151,8.9,42,75,0.2577,0.0791,6,0.2941,0.2326,198
coarse_align_amp_norm,3,345,easy,-1,287,18.01,66.0,3589,1440,0.0,185,279,0.9721,0.8692,3,,,198
coarse_align_amp_norm,3,364,easy,-1,297,19.12,47.4,6552,1170,0.0,47,297,1.0,0.8973,4,,,198
coarse_align_amp_norm,3,371,pair,1,292,18.5,60.2,6124,1355,4.0,133,153,0.524,0.1569,4,,,198
coarse_align_amp_norm,3,379,pair,0,293,16.06,29.0,4394,1253,0.0,88,290,0.9898,1.0,4,,,198
coarse_align_amp_norm,3,395,easy,-1,289,16.05,29.4,15280,1194,0.7,58,261,0.9031,0.9491,3,,,198
coarse_align_amp_norm,3,402,pair,1,294,17.8,48.2,7236,1358,1.2,135,291,0.9898,0.97,3,,,198
coarse_align_amp_norm,3,412,pair,0,290,16.8,31.7,5161,1256,0.0,90,290,1.0,0.5009,2,,,198
footprint_cluster,0,331,hard,-1,290,20.66,333.8,7791,1395,8.9,206,185,0.6379,0.1467,2,,,238
footprint_cluster,0,364,hard,-1,292,20.41,222.9,25598,1131,0.0,33,292,1.0,1.0,2,,,238
footprint_cluster,0,371,hard,-1,290,21.65,466.5,21141,1327,4.0,148,138,0.4759,0.0817,2,,,238
footprint_cluster,0,379,collision,-1,286,17.8,48.2,10317,1358,0.0,173,286,1.0,1.0,4,1.0,1.0,238
footprint_cluster,0,395,collision,-1,291,19.12,47.4,12955,1170,0.7,58,256,0.8797,1.0,4,0.9015,0.8616,238
footprint_cluster,0,402,collision,-1,282,18.01,66.0,2905,1440,1.2,223,277,0.9823,1.0,4,0.9697,0.9933,238
footprint_cluster,0,412,easy,-1,287,14.45,22.9,9174,1300,0.0,125,285,0.993,1.0,6,,,238
footprint_cluster,0,418,easy,-1,293,14.86,45.1,4352,1114,0.0,21,283,0.9659,1.0,4,,,238
footprint_cluster,0,428,pair,1,290,18.08,34.6,4741,1233,0.0,96,282,0.9724,0.9965,2,,,238
footprint_cluster,0,437,pair,0,292,16.06,29.0,3965,1253,0.0,104,288,0.9863,1.0,4,,,238
footprint_cluster,0,439,easy,-1,286,16.05,29.4,15907,1194,0.0,74,286,1.0,1.0,3,,,238
footprint_cluster,0,452,pair,1,289,16.06,25.6,3722,1236,4.1,100,289,1.0,0.585,1,,,238
footprint_cluster,0,460,pair,0,287,16.8,31.7,4742,1256,0.0,107,265,0.9233,1.0,5,,,238
footprint_cluster,1,87,hard,-1,286,20.41,222.9,26002,1131,7.3,30,170,0.5944,0.5686,2,,,207
footprint_cluster,1,121,hard,-1,296,20.66,333.8,6567,1395,2.9,171,56,0.1892,0.0486,1,,,207
footprint_cluster,1,147,hard,-1,292,21.65,466.5,18759,1327,0.0,124,162,0.5548,0.9701,3,,,207
footprint_cluster,1,158,collision,-1,290,17.8,48.2,8129,1358,0.0,149,257,0.8862,0.8741,3,0.8644,0.9012,207
footprint_cluster,1,163,collision,-1,294,18.29,44.3,1389,1278,0.9,94,42,0.1429,0.1,2,0.1789,0.117,207
footprint_cluster,1,243,collision,-1,294,19.22,70.0,4161,1151,3.1,41,244,0.8299,0.3873,3,0.8182,0.8395,207
footprint_cluster,1,270,easy,-1,290,16.05,29.4,12511,1194,0.6,64,289,0.9966,1.0,6,,,207
footprint_cluster,1,278,pair,1,292,16.06,29.0,3520,1253,0.0,87,255,0.8733,1.0,3,,,207
footprint_cluster,1,285,pair,0,285,14.31,32.1,8556,1297,2.7,104,195,0.6842,0.195,2,,,207
footprint_cluster,1,297,easy,-1,291,18.01,66.0,2330,1440,0.0,194,267,0.9175,1.0,3,,,207
footprint_cluster,1,307,easy,-1,291,19.12,47.4,6713,1170,4.8,49,184,0.6323,0.984,3,,,207
footprint_cluster,1,319,pair,1,294,16.8,31.7,4042,1256,5.1,88,61,0.2075,0.0525,3,,,207
footprint_cluster,1,331,pair,0,292,14.45,22.9,7571,1300,8.9,106,76,0.2603,0.0575,3,,,207
footprint_cluster,2,10,easy,-1,291,16.06,25.6,2918,1236,0.9,83,259,0.89,0.9487,1,,,192
footprint_cluster,2,23,pair,1,286,14.31,32.1,10084,1297,4.7,103,84,0.2937,0.1101,3,,,192
footprint_cluster,2,35,easy,-1,291,16.05,29.4,11208,1194,1.0,59,97,0.3333,0.0666,2,,,192
footprint_cluster,2,38,easy,-1,291,18.01,66.0,2481,1440,2.5,178,208,0.7148,0.7675,3,,,192
footprint_cluster,2,55,pair,1,289,14.45,22.9,9527,1300,1.6,104,225,0.7785,0.2771,3,,,192
footprint_cluster,2,64,pair,0,290,18.5,60.2,7811,1355,9.9,138,102,0.3517,0.2991,3,,,192
footprint_cluster,2,85,pair,0,291,17.8,48.2,8352,1358,0.0,139,271,0.9313,0.9281,4,,,192
footprint_cluster,2,418,hard,-1,288,20.41,222.9,25777,1131,0.0,28,288,1.0,1.0,2,,,192
footprint_cluster,2,428,hard,-1,289,20.66,333.8,6235,1395,0.0,163,288,0.9965,0.383,2,,,192
footprint_cluster,2,437,hard,-1,294,21.65,466.5,15817,1327,0.0,118,294,1.0,1.0,1,,,192
footprint_cluster,2,439,collision,-1,285,19.12,47.4,9563,1170,0.0,48,285,1.0,0.7724,4,1.0,1.0,192
footprint_cluster,2,452,collision,-1,287,14.86,45.1,3775,1114,4.1,14,287,1.0,0.5035,3,1.0,1.0,192
footprint_cluster,2,460,collision,-1,293,16.8,31.7,5085,1256,0.0,89,293,1.0,0.6288,5,1.0,1.0,192
footprint_cluster,3,278,hard,-1,295,20.41,222.9,23582,1131,0.0,28,186,0.6305,1.0,3,,,215
footprint_cluster,3,285,hard,-1,295,20.66,333.8,8331,1395,2.7,180,96,0.3254,0.1091,2,,,215
footprint_cluster,3,297,hard,-1,293,21.65,466.5,17098,1327,0.0,127,290,0.9898,1.0,1,,,215
footprint_cluster,3,307,collision,-1,276,14.86,45.1,3885,1114,4.8,14,273,0.9891,0.3186,2,1.0,0.9803,215
footprint_cluster,3,319,collision,-1,287,14.45,22.9,8062,1300,5.1,115,129,0.4495,0.1232,10,0.44,0.4568,215
footprint_cluster,3,331,collision,-1,291,19.22,70.0,5250,1151,8.9,42,147,0.5052,0.1508,7,0.5462,0.4767,215
footprint_cluster,3,345,easy,-1,287,18.01,66.0,3589,1440,0.0,201,275,0.9582,0.8675,2,,,215
footprint_cluster,3,364,easy,-1,297,19.12,47.4,6552,1170,0.0,50,292,0.9832,0.8822,4,,,215
footprint_cluster,3,371,pair,1,292,18.5,60.2,6124,1355,4.0,149,126,0.4315,0.4375,3,,,215
footprint_cluster,3,379,pair,0,293,16.06,29.0,4394,1253,0.0,93,291,0.9932,1.0,3,,,215
footprint_cluster,3,395,easy,-1,289,16.05,29.4,15280,1194,0.7,63,276,0.955,0.8846,1,,,215
footprint_cluster,3,402,pair,1,294,17.8,48.2,7236,1358,1.2,146,292,0.9932,0.9865,2,,,215
footprint_cluster,3,412,pair,0,290,16.8,31.7,5161,1256,0.0,94,290,1.0,0.5254,5,,,215
footprint_cluster_strong,0,331,hard,-1,290,20.66,333.8,7791,1395,8.9,152,205,0.7069,0.9404,3,,,184
footprint_cluster_strong,0,364,hard,-1,292,20.41,222.9,25598,1131,0.0,22,292,1.0,1.0,1,,,184
footprint_cluster_strong,0,371,hard,-1,290,21.65,466.5,21141,1327,4.0,108,113,0.3897,0.0542,1,,,184
footprint_cluster_strong,0,379,collision,-1,286,17.8,48.2,10317,1358,0.0,125,286,1.0,0.9828,3,1.0,1.0,184
footprint_cluster_strong,0,395,collision,-1,291,19.12,47.4,12955,1170,0.7,41,291,1.0,0.3819,2,1.0,1.0,184
footprint_cluster_strong,0,402,collision,-1,282,18.01,66.0,2905,1440,1.2,171,280,0.9929,0.9964,4,0.9848,1.0,184
footprint_cluster_strong,0,412,easy,-1,287,14.45,22.9,9174,1300,0.0,93,287,1.0,1.0,5,,,184
footprint_cluster_strong,0,418,easy,-1,293,14.86,45.1,4352,1114,0.0,11,293,1.0,0.6221,1,,,184
footprint_cluster_strong,0,428,pair,1,290,18.08,34.6,4741,1233,0.0,72,290,1.0,0.4348,2,,,184
footprint_cluster_strong,0,437,pair,0,292,16.06,29.0,3965,1253,0.0,77,291,0.9966,1.0,3,,,184
footprint_cluster_strong,0,439,easy,-1,286,16.05,29.4,15907,1194,0.0,50,286,1.0,1.0,2,,,184
footprint_cluster_strong,0,452,pair,1,289,16.06,25.6,3722,1236,4.1,73,289,1.0,0.5312,1,,,184
footprint_cluster_strong,0,460,pair,0,287,16.8,31.7,4742,1256,0.0,80,287,1.0,0.35,3,,,184
footprint_cluster_strong,1,87,hard,-1,286,20.41,222.9,26002,1131,7.3,25,161,0.5629,0.6626,3,,,167
footprint_cluster_strong,1,121,hard,-1,296,20.66,333.8,6567,1395,2.9,137,56,0.1892,0.0487,1,,,167
footprint_cluster_strong,1,147,hard,-1,292,21.65,466.5,18759,1327,0.0,96,266,0.911,0.1209,3,,,167
footprint_cluster_strong,1,158,collision,-1,290,17.8,48.2,8129,1358,0.0,114,261,0.9,0.6797,5,0.8983,0.9012,167
footprint_cluster_strong,1,163,collision,-1,294,18.29,44.3,1389,1278,0.9,78,41,0.1395,0.1096,3,0.1707,0.117,167
footprint_cluster_strong,1,243,collision,-1,294,19.22,70.0,4161,1151,3.1,33,242,0.8231,0.3628,4,0.8106,0.8333,167
footprint_cluster_strong,1,270,easy,-1,290,16.05,29.4,12511,1194,0.6,52,287,0.9897,1.0,3,,,167
footprint_cluster_strong,1,278,pair,1,292,16.06,29.0,3520,1253,0.0,73,257,0.8801,1.0,3,,,167
footprint_cluster_strong,1,285,pair,0,285,14.31,32.1,8556,1297,2.7,84,239,0.8386,0.3315,2,,,167
footprint_cluster_strong,1,297,easy,-1,291,18.01,66.0,2330,1440,0.0,153,291,1.0,0.8845,2,,,167
footprint_cluster_strong,1,307,easy,-1,291,19.12,47.4,6713,1170,4.8,41,283,0.9725,0.4268,1,,,167
footprint_cluster_strong,1,319,pair,1,294,16.8,31.7,4042,1256,5.1,72,63,0.2143,0.0546,3,,,167
footprint_cluster_strong,1,331,pair,0,292,14.45,22.9,7571,1300,8.9,85,284,0.9726,0.882,3,,,167
footprint_cluster_strong,2,10,easy,-1,291,16.06,25.6,2918,1236,0.9,72,259,0.89,0.9487,1,,,170
footprint_cluster_strong,2,23,pair,1,286,14.31,32.1,10084,1297,4.7,87,59,0.2063,0.0622,3,,,170
footprint_cluster_strong,2,35,easy,-1,291,16.05,29.4,11208,1194,1.0,52,240,0.8247,0.4348,2,,,170
footprint_cluster_strong,2,38,easy,-1,291,18.01,66.0,2481,1440,2.5,159,30,0.1031,0.028,2,,,170
footprint_cluster_strong,2,55,pair,1,289,14.45,22.9,9527,1300,1.6,89,287,0.9931,0.5672,1,,,170
footprint_cluster_strong,2,64,pair,0,290,18.5,60.2,7811,1355,9.9,115,60,0.2069,0.0445,2,,,170
footprint_cluster_strong,2,85,pair,0,291,17.8,48.2,8352,1358,0.0,121,180,0.6186,0.973,4,,,170
footprint_cluster_strong,2,418,hard,-1,288,20.41,222.9,25777,1131,0.0,23,288,1.0,0.9931,2,,,170
footprint_cluster_strong,2,428,hard,-1,289,20.66,333.8,6235,1395,0.0,142,263,0.91,0.9925,3,,,170
footprint_cluster_strong,2,437,hard,-1,294,21.65,466.5,15817,1327,0.0,98,294,1.0,1.0,1,,,170
footprint_cluster_strong,2,439,collision,-1,285,19.12,47.4,9563,1170,0.0,43,285,1.0,0.6552,3,1.0,1.0,170
footprint_cluster_strong,2,452,collision,-1,287,14.86,45.1,3775,1114,4.1,11,287,1.0,0.5026,5,1.0,1.0,170
footprint_cluster_strong,2,460,collision,-1,293,16.8,31.7,5085,1256,0.0,78,293,1.0,0.6288,6,1.0,1.0,170
footprint_cluster_strong,3,278,hard,-1,295,20.41,222.9,23582,1131,0.0,25,268,0.9085,0.964,3,,,179
footprint_cluster_strong,3,285,hard,-1,295,20.66,333.8,8331,1395,2.7,146,78,0.2644,0.0898,3,,,179
footprint_cluster_strong,3,297,hard,-1,293,21.65,466.5,17098,1327,0.0,100,291,0.9932,0.9932,1,,,179
footprint_cluster_strong,3,307,collision,-1,276,14.86,45.1,3885,1114,4.8,12,273,0.9891,0.3156,2,1.0,0.9803,179
footprint_cluster_strong,3,319,collision,-1,287,14.45,22.9,8062,1300,5.1,91,262,0.9129,0.2835,5,0.92,0.9074,179
footprint_cluster_strong,3,331,collision,-1,291,19.22,70.0,5250,1151,8.9,35,129,0.4433,0.9556,7,0.479,0.4186,179
footprint_cluster_strong,3,345,easy,-1,287,18.01,66.0,3589,1440,0.0,165,283,0.9861,0.8348,1,,,179
footprint_cluster_strong,3,364,easy,-1,297,19.12,47.4,6552,1170,0.0,41,203,0.6835,0.8675,3,,,179
footprint_cluster_strong,3,371,pair,1,292,18.5,60.2,6124,1355,4.0,117,245,0.839,0.2229,3,,,179
footprint_cluster_strong,3,379,pair,0,293,16.06,29.0,4394,1253,0.0,78,292,0.9966,1.0,3,,,179
footprint_cluster_strong,3,395,easy,-1,289,16.05,29.4,15280,1194,0.7,49,280,0.9689,0.6683,1,,,179
footprint_cluster_strong,3,402,pair,1,294,17.8,48.2,7236,1358,1.2,115,294,1.0,0.9363,2,,,179
footprint_cluster_strong,3,412,pair,0,290,16.8,31.7,5161,1256,0.0,79,290,1.0,0.4957,3,,,179
footprint_graph,0,331,hard,-1,290,20.66,333.8,7791,1395,8.9,195,170,0.5862,0.1367,2,,,226
footprint_graph,0,364,hard,-1,292,20.41,222.9,25598,1131,0.0,34,292,1.0,1.0,2,,,226
footprint_graph,0,371,hard,-1,290,21.65,466.5,21141,1327,4.0,139,140,0.4828,0.0833,2,,,226
footprint_graph,0,379,collision,-1,286,17.8,48.2,10317,1358,0.0,165,286,1.0,0.2904,3,1.0,1.0,226
footprint_graph,0,395,collision,-1,291,19.12,47.4,12955,1170,0.7,57,291,1.0,0.3702,3,1.0,1.0,226
footprint_graph,0,402,collision,-1,282,18.01,66.0,2905,1440,1.2,212,278,0.9858,1.0,3,0.9697,1.0,226
footprint_graph,0,412,easy,-1,287,14.45,22.9,9174,1300,0.0,121,283,0.9861,1.0,6,,,226
footprint_graph,0,418,easy,-1,293,14.86,45.1,4352,1114,0.0,20,287,0.9795,1.0,4,,,226
footprint_graph,0,428,pair,1,290,18.08,34.6,4741,1233,0.0,96,276,0.9517,0.9964,3,,,226
footprint_graph,0,437,pair,0,292,16.06,29.0,3965,1253,0.0,102,288,0.9863,1.0,3,,,226
footprint_graph,0,439,easy,-1,286,16.05,29.4,15907,1194,0.0,68,286,1.0,1.0,3,,,226
footprint_graph,0,452,pair,1,289,16.06,25.6,3722,1236,4.1,97,289,1.0,0.5689,1,,,226
footprint_graph,0,460,pair,0,287,16.8,31.7,4742,1256,0.0,104,276,0.9617,1.0,5,,,226
footprint_graph,1,87,hard,-1,286,20.41,222.9,26002,1131,7.3,32,161,0.5629,0.5127,2,,,211
footprint_graph,1,121,hard,-1,296,20.66,333.8,6567,1395,2.9,177,40,0.1351,0.7273,2,,,211
footprint_graph,1,147,hard,-1,292,21.65,466.5,18759,1327,0.0,125,200,0.6849,0.9217,4,,,211
footprint_graph,1,158,collision,-1,290,17.8,48.2,8129,1358,0.0,148,192,0.6621,1.0,4,0.6864,0.6453,211
footprint_graph,1,163,collision,-1,294,18.29,44.3,1389,1278,0.9,93,42,0.1429,0.1005,2,0.1789,0.117,211
footprint_graph,1,243,collision,-1,294,19.22,70.0,4161,1151,3.1,43,244,0.8299,0.3955,3,0.8182,0.8395,211
footprint_graph,1,270,easy,-1,290,16.05,29.4,12511,1194,0.6,62,288,0.9931,1.0,6,,,211
footprint_graph,1,278,pair,1,292,16.06,29.0,3520,1253,0.0,87,255,0.8733,1.0,3,,,211
footprint_graph,1,285,pair,0,285,14.31,32.1,8556,1297,2.7,105,214,0.7509,0.7133,3,,,211
footprint_graph,1,297,easy,-1,291,18.01,66.0,2330,1440,0.0,197,267,0.9175,1.0,3,,,211
footprint_graph,1,307,easy,-1,291,19.12,47.4,6713,1170,4.8,51,155,0.5326,0.981,2,,,211
footprint_graph,1,319,pair,1,294,16.8,31.7,4042,1256,5.1,86,61,0.2075,0.0525,3,,,211
footprint_graph,1,331,pair,0,292,14.45,22.9,7571,1300,8.9,106,78,0.2671,0.0486,3,,,211
footprint_graph,2,10,easy,-1,291,16.06,25.6,2918,1236,0.9,83,259,0.89,0.9487,1,,,192
footprint_graph,2,23,pair,1,286,14.31,32.1,10084,1297,4.7,100,58,0.2028,0.0706,3,,,192
footprint_graph,2,35,easy,-1,291,16.05,29.4,11208,1194,1.0,61,98,0.3368,0.0672,3,,,192
footprint_graph,2,38,easy,-1,291,18.01,66.0,2481,1440,2.5,175,215,0.7388,0.9954,4,,,192
footprint_graph,2,55,pair,1,289,14.45,22.9,9527,1300,1.6,101,186,0.6436,0.9637,3,,,192
footprint_graph,2,64,pair,0,290,18.5,60.2,7811,1355,9.9,132,55,0.1897,0.0428,4,,,192
footprint_graph,2,85,pair,0,291,17.8,48.2,8352,1358,0.0,139,241,0.8282,0.3188,3,,,192
footprint_graph,2,418,hard,-1,288,20.41,222.9,25777,1131,0.0,28,288,1.0,1.0,2,,,192
footprint_graph,2,428,hard,-1,289,20.66,333.8,6235,1395,0.0,160,288,0.9965,0.383,2,,,192
footprint_graph,2,437,hard,-1,294,21.65,466.5,15817,1327,0.0,117,294,1.0,1.0,1,,,192
footprint_graph,2,439,collision,-1,285,19.12,47.4,9563,1170,0.0,48,285,1.0,0.754,4,1.0,1.0,192
footprint_graph,2,452,collision,-1,287,14.86,45.1,3775,1114,4.1,13,287,1.0,0.5035,3,1.0,1.0,192
footprint_graph,2,460,collision,-1,293,16.8,31.7,5085,1256,0.0,89,293,1.0,0.6288,5,1.0,1.0,192
footprint_graph,3,278,hard,-1,295,20.41,222.9,23582,1131,0.0,25,223,0.7559,1.0,3,,,210
footprint_graph,3,285,hard,-1,295,20.66,333.8,8331,1395,2.7,173,181,0.6136,0.8265,3,,,210
footprint_graph,3,297,hard,-1,293,21.65,466.5,17098,1327,0.0,123,291,0.9932,1.0,1,,,210
footprint_graph,3,307,collision,-1,276,14.86,45.1,3885,1114,4.8,14,273,0.9891,0.3174,2,1.0,0.9803,210
footprint_graph,3,319,collision,-1,287,14.45,22.9,8062,1300,5.1,113,260,0.9059,0.583,9,0.896,0.9136,210
footprint_graph,3,331,collision,-1,291,19.22,70.0,5250,1151,8.9,37,148,0.5086,0.105,7,0.5546,0.4767,210
footprint_graph,3,345,easy,-1,287,18.01,66.0,3589,1440,0.0,198,275,0.9582,0.8675,2,,,210
footprint_graph,3,364,easy,-1,297,19.12,47.4,6552,1170,0.0,47,291,0.9798,0.8872,3,,,210
footprint_graph,3,371,pair,1,292,18.5,60.2,6124,1355,4.0,141,118,0.4041,0.2157,4,,,210
footprint_graph,3,379,pair,0,293,16.06,29.0,4394,1253,0.0,89,291,0.9932,1.0,3,,,210
footprint_graph,3,395,easy,-1,289,16.05,29.4,15280,1194,0.7,62,267,0.9239,0.837,2,,,210
footprint_graph,3,402,pair,1,294,17.8,48.2,7236,1358,1.2,143,288,0.9796,1.0,2,,,210
footprint_graph,3,412,pair,0,290,16.8,31.7,5161,1256,0.0,92,290,1.0,0.5254,5,,,210
footprint_graph_strong,0,331,hard,-1,290,20.66,333.8,7791,1395,8.9,157,111,0.3828,0.0959,3,,,188
footprint_graph_strong,0,364,hard,-1,292,20.41,222.9,25598,1131,0.0,23,292,1.0,0.9932,1,,,188
footprint_graph_strong,0,371,hard,-1,290,21.65,466.5,21141,1327,4.0,109,113,0.3897,0.0542,1,,,188
footprint_graph_strong,0,379,collision,-1,286,17.8,48.2,10317,1358,0.0,127,286,1.0,0.9286,3,1.0,1.0,188
footprint_graph_strong,0,395,collision,-1,291,19.12,47.4,12955,1170,0.7,44,278,0.9553,0.7637,3,0.947,0.9623,188
footprint_graph_strong,0,402,collision,-1,282,18.01,66.0,2905,1440,1.2,176,280,0.9929,0.9964,4,0.9848,1.0,188
footprint_graph_strong,0,412,easy,-1,287,14.45,22.9,9174,1300,0.0,94,287,1.0,1.0,5,,,188
footprint_graph_strong,0,418,easy,-1,293,14.86,45.1,4352,1114,0.0,11,293,1.0,0.6208,1,,,188
footprint_graph_strong,0,428,pair,1,290,18.08,34.6,4741,1233,0.0,76,290,1.0,0.4348,2,,,188
footprint_graph_strong,0,437,pair,0,292,16.06,29.0,3965,1253,0.0,81,292,1.0,0.3812,4,,,188
footprint_graph_strong,0,439,easy,-1,286,16.05,29.4,15907,1194,0.0,55,286,1.0,1.0,2,,,188
footprint_graph_strong,0,452,pair,1,289,16.06,25.6,3722,1236,4.1,77,289,1.0,0.5312,1,,,188
footprint_graph_strong,0,460,pair,0,287,16.8,31.7,4742,1256,0.0,84,278,0.9686,0.9893,4,,,188
footprint_graph_strong,1,87,hard,-1,286,20.41,222.9,26002,1131,7.3,22,148,0.5175,0.715,3,,,162
footprint_graph_strong,1,121,hard,-1,296,20.66,333.8,6567,1395,2.9,131,55,0.1858,0.048,1,,,162
footprint_graph_strong,1,147,hard,-1,292,21.65,466.5,18759,1327,0.0,94,266,0.911,0.1211,3,,,162
footprint_graph_strong,1,158,collision,-1,290,17.8,48.2,8129,1358,0.0,109,286,0.9862,0.3611,3,0.9915,0.9826,162
footprint_graph_strong,1,163,collision,-1,294,18.29,44.3,1389,1278,0.9,77,42,0.1429,0.1,3,0.1789,0.117,162
footprint_graph_strong,1,243,collision,-1,294,19.22,70.0,4161,1151,3.1,32,244,0.8299,0.3917,3,0.8258,0.8333,162
footprint_graph_strong,1,270,easy,-1,290,16.05,29.4,12511,1194,0.6,52,290,1.0,1.0,4,,,162
footprint_graph_strong,1,278,pair,1,292,16.06,29.0,3520,1253,0.0,71,256,0.8767,1.0,3,,,162
footprint_graph_strong,1,285,pair,0,285,14.31,32.1,8556,1297,2.7,82,240,0.8421,0.2532,2,,,162
footprint_graph_strong,1,297,easy,-1,291,18.01,66.0,2330,1440,0.0,148,291,1.0,0.951,2,,,162
footprint_graph_strong,1,307,easy,-1,291,19.12,47.4,6713,1170,4.8,39,283,0.9725,0.4281,1,,,162
footprint_graph_strong,1,319,pair,1,294,16.8,31.7,4042,1256,5.1,73,60,0.2041,0.0475,3,,,162
footprint_graph_strong,1,331,pair,0,292,14.45,22.9,7571,1300,8.9,82,288,0.9863,0.3038,3,,,162
footprint_graph_strong,2,10,easy,-1,291,16.06,25.6,2918,1236,0.9,68,259,0.89,0.9487,1,,,166
footprint_graph_strong,2,23,pair,1,286,14.31,32.1,10084,1297,4.7,83,61,0.2133,0.0676,3,,,166
footprint_graph_strong,2,35,easy,-1,291,16.05,29.4,11208,1194,1.0,50,259,0.89,0.4617,1,,,166
footprint_graph_strong,2,38,easy,-1,291,18.01,66.0,2481,1440,2.5,154,30,0.1031,0.028,2,,,166
footprint_graph_strong,2,55,pair,1,289,14.45,22.9,9527,1300,1.6,85,285,0.9862,0.6463,3,,,166
footprint_graph_strong,2,64,pair,0,290,18.5,60.2,7811,1355,9.9,111,55,0.1897,0.0411,3,,,166
footprint_graph_strong,2,85,pair,0,291,17.8,48.2,8352,1358,0.0,113,250,0.8591,0.4378,3,,,166
footprint_graph_strong,2,418,hard,-1,288,20.41,222.9,25777,1131,0.0,24,288,1.0,0.9931,2,,,166
footprint_graph_strong,2,428,hard,-1,289,20.66,333.8,6235,1395,0.0,136,265,0.917,0.9925,3,,,166
footprint_graph_strong,2,437,hard,-1,294,21.65,466.5,15817,1327,0.0,96,294,1.0,1.0,1,,,166
footprint_graph_strong,2,439,collision,-1,285,19.12,47.4,9563,1170,0.0,41,285,1.0,0.7851,4,1.0,1.0,166
footprint_graph_strong,2,452,collision,-1,287,14.86,45.1,3775,1114,4.1,11,287,1.0,0.5035,4,1.0,1.0,166
footprint_graph_strong,2,460,collision,-1,293,16.8,31.7,5085,1256,0.0,74,293,1.0,0.6234,6,1.0,1.0,166
footprint_graph_strong,3,278,hard,-1,295,20.41,222.9,23582,1131,0.0,26,267,0.9051,0.9709,4,,,181
footprint_graph_strong,3,285,hard,-1,295,20.66,333.8,8331,1395,2.7,150,79,0.2678,0.0907,3,,,181
footprint_graph_strong,3,297,hard,-1,293,21.65,466.5,17098,1327,0.0,105,293,1.0,0.2741,4,,,181
footprint_graph_strong,3,307,collision,-1,276,14.86,45.1,3885,1114,4.8,13,273,0.9891,0.3156,2,1.0,0.9803,181
footprint_graph_strong,3,319,collision,-1,287,14.45,22.9,8062,1300,5.1,95,261,0.9094,0.3816,6,0.912,0.9074,181
footprint_graph_strong,3,331,collision,-1,291,19.22,70.0,5250,1151,8.9,37,149,0.512,0.1243,6,0.563,0.4767,181
footprint_graph_strong,3,345,easy,-1,287,18.01,66.0,3589,1440,0.0,166,282,0.9826,0.8393,1,,,181
footprint_graph_strong,3,364,easy,-1,297,19.12,47.4,6552,1170,0.0,44,297,1.0,0.7351,3,,,181
footprint_graph_strong,3,371,pair,1,292,18.5,60.2,6124,1355,4.0,118,228,0.7808,0.7059,2,,,181
footprint_graph_strong,3,379,pair,0,293,16.06,29.0,4394,1253,0.0,79,292,0.9966,1.0,3,,,181
footprint_graph_strong,3,395,easy,-1,289,16.05,29.4,15280,1194,0.7,55,281,0.9723,0.1711,1,,,181
footprint_graph_strong,3,402,pair,1,294,17.8,48.2,7236,1358,1.2,119,291,0.9898,0.9636,2,,,181
footprint_graph_strong,3,412,pair,0,290,16.8,31.7,5161,1256,0.0,82,290,1.0,0.4924,4,,,181
footprint_seed,0,331,hard,-1,290,20.66,333.8,7791,1395,8.9,189,74,0.2552,0.0267,3,,,225
footprint_seed,0,364,hard,-1,292,20.41,222.9,25598,1131,0.0,32,290,0.9932,1.0,2,,,225
footprint_seed,0,371,hard,-1,290,21.65,466.5,21141,1327,4.0,137,124,0.4276,0.0726,2,,,225
footprint_seed,0,379,collision,-1,286,17.8,48.2,10317,1358,0.0,163,279,0.9755,1.0,4,0.9833,0.9699,225
footprint_seed,0,395,collision,-1,291,19.12,47.4,12955,1170,0.7,56,271,0.9313,1.0,4,0.9318,0.9308,225
footprint_seed,0,402,collision,-1,282,18.01,66.0,2905,1440,1.2,210,278,0.9858,1.0,3,0.9697,1.0,225
footprint_seed,0,412,easy,-1,287,14.45,22.9,9174,1300,0.0,122,285,0.993,1.0,5,,,225
footprint_seed,0,418,easy,-1,293,14.86,45.1,4352,1114,0.0,15,293,1.0,0.9966,3,,,225
footprint_seed,0,428,pair,1,290,18.08,34.6,4741,1233,0.0,95,269,0.9276,0.9963,2,,,225
footprint_seed,0,437,pair,0,292,16.06,29.0,3965,1253,0.0,102,288,0.9863,1.0,5,,,225
footprint_seed,0,439,easy,-1,286,16.05,29.4,15907,1194,0.0,67,286,1.0,1.0,3,,,225
footprint_seed,0,452,pair,1,289,16.06,25.6,3722,1236,4.1,96,289,1.0,0.5689,1,,,225
footprint_seed,0,460,pair,0,287,16.8,31.7,4742,1256,0.0,104,261,0.9094,1.0,4,,,225
footprint_seed,1,87,hard,-1,286,20.41,222.9,26002,1131,7.3,29,169,0.5909,0.4643,2,,,200
footprint_seed,1,121,hard,-1,296,20.66,333.8,6567,1395,2.9,170,224,0.7568,0.2506,1,,,200
footprint_seed,1,147,hard,-1,292,21.65,466.5,18759,1327,0.0,127,160,0.5479,0.9581,3,,,200
footprint_seed,1,158,collision,-1,290,17.8,48.2,8129,1358,0.0,144,222,0.7655,1.0,5,0.7712,0.7616,200
footprint_seed,1,163,collision,-1,294,18.29,44.3,1389,1278,0.9,93,40,0.1361,0.0978,3,0.1707,0.1111,200
footprint_seed,1,243,collision,-1,294,19.22,70.0,4161,1151,3.1,39,245,0.8333,0.3907,3,0.8258,0.8395,200
footprint_seed,1,270,easy,-1,290,16.05,29.4,12511,1194,0.6,61,289,0.9966,0.9931,6,,,200
footprint_seed,1,278,pair,1,292,16.06,29.0,3520,1253,0.0,87,252,0.863,1.0,3,,,200
footprint_seed,1,285,pair,0,285,14.31,32.1,8556,1297,2.7,106,190,0.6667,0.1947,3,,,200
footprint_seed,1,297,easy,-1,291,18.01,66.0,2330,1440,0.0,188,235,0.8076,1.0,3,,,200
footprint_seed,1,307,easy,-1,291,19.12,47.4,6713,1170,4.8,50,176,0.6048,0.9832,2,,,200
footprint_seed,1,319,pair,1,294,16.8,31.7,4042,1256,5.1,86,62,0.2109,0.0529,3,,,200
footprint_seed,1,331,pair,0,292,14.45,22.9,7571,1300,8.9,108,71,0.2432,0.0543,3,,,200
footprint_seed,2,10,easy,-1,291,16.06,25.6,2918,1236,0.9,84,259,0.89,0.9487,1,,,191
footprint_seed,2,23,pair,1,286,14.31,32.1,10084,1297,4.7,102,77,0.2692,0.1031,3,,,191
footprint_seed,2,35,easy,-1,291,16.05,29.4,11208,1194,1.0,59,98,0.3368,0.0641,4,,,191
footprint_seed,2,38,easy,-1,291,18.01,66.0,2481,1440,2.5,177,208,0.7148,0.7619,3,,,191
footprint_seed,2,55,pair,1,289,14.45,22.9,9527,1300,1.6,106,285,0.9862,0.2463,2,,,191
footprint_seed,2,64,pair,0,290,18.5,60.2,7811,1355,9.9,138,52,0.1793,0.1083,4,,,191
footprint_seed,2,85,pair,0,291,17.8,48.2,8352,1358,0.0,138,279,0.9588,0.5813,3,,,191
footprint_seed,2,418,hard,-1,288,20.41,222.9,25777,1131,0.0,26,287,0.9965,1.0,2,,,191
footprint_seed,2,428,hard,-1,289,20.66,333.8,6235,1395,0.0,160,288,0.9965,0.3861,2,,,191
footprint_seed,2,437,hard,-1,294,21.65,466.5,15817,1327,0.0,118,294,1.0,1.0,1,,,191
footprint_seed,2,439,collision,-1,285,19.12,47.4,9563,1170,0.0,48,285,1.0,0.7703,4,1.0,1.0,191
footprint_seed,2,452,collision,-1,287,14.86,45.1,3775,1114,4.1,14,287,1.0,0.5044,3,1.0,1.0,191
footprint_seed,2,460,collision,-1,293,16.8,31.7,5085,1256,0.0,90,293,1.0,0.6274,6,1.0,1.0,191
footprint_seed,3,278,hard,-1,295,20.41,222.9,23582,1131,0.0,27,154,0.522,1.0,5,,,205
footprint_seed,3,285,hard,-1,295,20.66,333.8,8331,1395,2.7,172,97,0.3288,0.1101,3,,,205
footprint_seed,3,297,hard,-1,293,21.65,466.5,17098,1327,0.0,126,278,0.9488,1.0,3,,,205
footprint_seed,3,307,collision,-1,276,14.86,45.1,3885,1114,4.8,13,273,0.9891,0.3106,2,1.0,0.9803,205
footprint_seed,3,319,collision,-1,287,14.45,22.9,8062,1300,5.1,113,132,0.4599,0.1198,8,0.456,0.463,205
footprint_seed,3,331,collision,-1,291,19.22,70.0,5250,1151,8.9,41,123,0.4227,0.1191,8,0.4874,0.3779,205
footprint_seed,3,345,easy,-1,287,18.01,66.0,3589,1440,0.0,192,278,0.9686,0.8688,3,,,205
footprint_seed,3,364,easy,-1,297,19.12,47.4,6552,1170,0.0,51,292,0.9832,0.8957,4,,,205
footprint_seed,3,371,pair,1,292,18.5,60.2,6124,1355,4.0,143,235,0.8048,0.2154,4,,,205
footprint_seed,3,379,pair,0,293,16.06,29.0,4394,1253,0.0,90,291,0.9932,1.0,3,,,205
footprint_seed,3,395,easy,-1,289,16.05,29.4,15280,1194,0.7,64,268,0.9273,0.8673,2,,,205
footprint_seed,3,402,pair,1,294,17.8,48.2,7236,1358,1.2,141,289,0.983,0.9931,2,,,205
footprint_seed,3,412,pair,0,290,16.8,31.7,5161,1256,0.0,92,290,1.0,0.5273,6,,,205
